ts_code,trade_date,ret_1d,ret_2d,ret_3d,ret_5d
000007.SZ,20240227,-0.04988123515439424,-0.05463182897862229,-0.0665083135391924,-0.03562945368171033
000007.SZ,20240227,-0.04988123515439424,-0.05463182897862229,-0.0665083135391924,-0.03562945368171033
000007.SZ,20240228,-0.0050000000000000044,-0.01749999999999996,-0.03249999999999997,0.04249999999999998
000007.SZ,20240229,-0.012562814070351758,-0.027638190954773822,0.02010050251256268,0.04020100502512558
000007.SZ,20240229,-0.012562814070351758,-0.027638190954773822,0.02010050251256268,0.04020100502512558
000007.SZ,20240301,-0.01526717557251911,0.03307888040712448,0.061068702290076216,0.07633587786259555
000007.SZ,20240301,-0.01526717557251911,0.03307888040712448,0.061068702290076216,0.07633587786259555
000007.SZ,20240305,0.027093596059113434,0.019704433497536922,0.041871921182266236,0.07881773399014791
000007.SZ,20240307,0.021739130434782705,0.07246376811594213,0.05797101449275366,0.05797101449275366
000007.SZ,20240307,0.021739130434782705,0.07246376811594213,0.05797101449275366,0.05797101449275366
000007.SZ,20240307,0.021739130434782705,0.07246376811594213,0.05797101449275366,0.05797101449275366
000007.SZ,20240308,0.049645390070921946,0.03546099290780136,0.028368794326240954,0.04018912529550822
000007.SZ,20240322,-0.013071895424836555,-0.023965141612200314,-0.04575163398692805,-0.02614379084967322
000007.SZ,20240424,0.0079155672823219,0.05804749340369386,0.1108179419525066,0.079155672823219
000007.SZ,20240424,0.0079155672823219,0.05804749340369386,0.1108179419525066,0.079155672823219
000007.SZ,20240424,0.0079155672823219,0.05804749340369386,0.1108179419525066,0.079155672823219
000007.SZ,20240510,0.0,0.0,0.01937046004842613,0.05569007263922532
000007.SZ,20240515,0.0071258907363420665,0.03562945368171033,0.05700712589073631,0.09976247030878849
000007.SZ,20250217,-0.016516516516516533,-0.013513513513513487,-0.010510510510510551,-0.007507507507507505
000009.SZ,20251021,-0.019195612431444187,0.006398537477148025,0.002742230347349217,-0.01279707495429605
000010.SZ,20250623,0.03424657534246589,0.017123287671233056,0.013698630136986356,0.03082191780821919
000010.SZ,20251226,0.00561797752808979,-0.014044943820224809,-0.008426966292134908,-0.005617977528089901
000010.SZ,20260105,0.014326647564469885,0.002865329512893977,0.022922636103151817,0.09742120343839544
000029.SZ,20250624,-0.010763710917478297,-0.02665299846232716,-0.042029728344438744,-0.03382880574064584
000032.SZ,20251124,0.0381836945304439,0.02786377708978338,0.009803921568627416,0.04127966976264186
000032.SZ,20251124,0.0381836945304439,0.02786377708978338,0.009803921568627416,0.04127966976264186
000032.SZ,20251127,0.022994379151762834,0.031170158405723125,0.01686254471129267,-0.009197751660705134
000032.SZ,20251127,0.022994379151762834,0.031170158405723125,0.01686254471129267,-0.009197751660705134
000032.SZ,20251201,-0.013875123885034757,-0.020812685827551913,-0.03914767096134786,-0.03815659068384536
000032.SZ,20251201,-0.013875123885034757,-0.020812685827551913,-0.03914767096134786,-0.03815659068384536
000032.SZ,20251205,-0.0076687116564416735,-0.020961145194274056,-0.030163599182004064,-0.0076687116564416735
000032.SZ,20251208,-0.013395157135497215,-0.022668727460072202,-0.037094281298299836,-0.027305512622359696
000032.SZ,20251208,-0.013395157135497215,-0.022668727460072202,-0.037094281298299836,-0.027305512622359696
000032.SZ,20251210,-0.014760147601475926,0.023194517659462344,-0.004744333157617242,-0.022667369530838144
000032.SZ,20251217,-0.003775620280474623,-0.0010787486515642097,0.021035598705501757,0.1175836030204962
000032.SZ,20251218,0.002707092582566295,0.024905251759610225,0.052517596101786745,0.10232809962100697
000032.SZ,20251218,0.002707092582566295,0.024905251759610225,0.052517596101786745,0.10232809962100697
000035.SZ,20240620,0.0,-0.03191516831205943,-0.023342485561570814,-0.05744816367282635
000035.SZ,20240621,-0.03191516831205943,-0.023342485561570814,-0.006384324729091007,-0.03617138479812021
000035.SZ,20240621,-0.03191516831205943,-0.023342485561570814,-0.006384324729091007,-0.03617138479812021
000035.SZ,20241202,0.02238745686229926,0.024254800331387605,0.0018654648539282448,0.01492559744658628
000036.SZ,20240924,0.0092592592592593,0.05246913580246915,0.07098765432098775,0.24074074074074048
000036.SZ,20241211,0.0139720558882237,-0.02395209580838331,-0.04590818363273441,-0.10578842315369252
000040.SZ,20250311,0.05405405405405417,0.10810810810810811,0.16216216216216206,0.05405405405405417
000040.SZ,20250318,-0.05128205128205132,-0.10256410256410264,-0.14102564102564097,-0.21794871794871795
000040.SZ,20250318,-0.05128205128205132,-0.10256410256410264,-0.14102564102564097,-0.21794871794871795
000040.SZ,20250324,-0.046875,-0.09375000000000011,-0.140625,-0.234375
000040.SZ,20250325,-0.049180327868852514,-0.0983606557377048,-0.14754098360655732,
000040.SZ,20250325,-0.049180327868852514,-0.0983606557377048,-0.14754098360655732,
000040.SZ,20250325,-0.049180327868852514,-0.0983606557377048,-0.14754098360655732,
000040.SZ,20250325,-0.049180327868852514,-0.0983606557377048,-0.14754098360655732,
000048.SZ,20240219,-0.009545128183468976,-0.005050108906171524,0.0,0.006739512124485092
000048.SZ,20240702,0.017677546983185133,0.006631058358061326,0.03019584569732947,0.03608308605341248
000048.SZ,20240703,-0.010854605820743601,0.012300849862762142,0.01519333794679989,0.01519333794679989
000048.SZ,20240703,-0.010854605820743601,0.012300849862762142,0.01519333794679989,0.01519333794679989
000048.SZ,20240705,0.0028573403691498633,0.005714680738299949,0.0028573403691498633,0.0064290158305873035
000048.SZ,20240705,0.0028573403691498633,0.005714680738299949,0.0028573403691498633,0.0064290158305873035
000048.SZ,20240724,0.014530641548894607,0.018885151744535422,0.0631872205270676,0.07916156169279631
000048.SZ,20240813,-0.008208296557811079,-0.013687849367461036,-0.019160047072668496,-0.051331273904089536
000048.SZ,20241107,-0.013218397704488849,-0.0022991127705809244,0.0022991127705809244,-0.04367713973563214
000048.SZ,20241107,-0.013218397704488849,-0.0022991127705809244,0.0022991127705809244,-0.04367713973563214
000048.SZ,20241107,-0.013218397704488849,-0.0022991127705809244,0.0022991127705809244,-0.04367713973563214
000048.SZ,20241113,-0.033682512146448906,-0.05923099785882824,-0.06387727992333037,-0.06271874222839569
000048.SZ,20241113,-0.033682512146448906,-0.05923099785882824,-0.06387727992333037,-0.06271874222839569
000048.SZ,20241113,-0.033682512146448906,-0.05923099785882824,-0.06387727992333037,-0.06271874222839569
000048.SZ,20241218,0.015776434796424654,0.014087573630227723,-0.03717848379105204,-0.031546985059169086
000050.SZ,20241218,-0.0010638297872340718,-0.004255319148936287,-0.04148936170212769,-0.036170212765957444
000050.SZ,20241219,-0.0031948881789138905,-0.04046858359957406,-0.027689030883919052,-0.03514376996805113
000050.SZ,20241219,-0.0031948881789138905,-0.04046858359957406,-0.027689030883919052,-0.03514376996805113
000050.SZ,20241220,-0.03739316239316237,-0.024572649572649485,-0.03205128205128194,-0.008547008547008517
000050.SZ,20241227,0.004310344827586299,-0.026939655172413812,-0.0581896551724137,-0.10344827586206884
000050.SZ,20250814,0.0,0.004206098843323014,-0.001051524710830698,0.018927444794952564
000050.SZ,20250814,0.0,0.004206098843323014,-0.001051524710830698,0.018927444794952564
000055.SZ,20241023,-0.0025911084069403234,0.025908461490044665,0.05958500304219205,0.025908461490044665
000060.SZ,20240903,-0.02884580015645344,-0.026442596538896357,-0.02884580015645344,-0.04086427049282848
000065.SZ,20240716,0.002081583271255738,-0.005202901536884852,0.007284484808140368,-0.028095034314424838
000065.SZ,20240903,0.0011995011830445712,0.00840260330764897,-0.002401440376623931,-0.002401440376623931
000065.SZ,20240904,0.007194472346513159,-0.0035966274008463195,0.0,-0.010791099747359478
000069.SZ,20250528,0.008510638297872353,0.008510638297872353,-0.008510638297872353,0.0
000089.SZ,20240723,-0.0030870303898200557,0.0,-0.006172490570896416,-0.009259520960716472
000089.SZ,20241021,0.016082077951442786,0.02192970059755539,0.019006633057588207,0.027777323243667773
000096.SZ,20240201,0.014523036920931709,0.052909692334306646,0.051871733443769275,0.037344502749542485
000096.SZ,20240717,0.004310720384762767,0.008620351653713554,-0.008620351653713443,-0.03663785592304758
000096.SZ,20240725,0.034792551453773246,0.02020150459181802,0.0325476877563613,0.06621724019020658
000096.SZ,20240905,-0.014639708496669734,-0.041666949745568616,-0.013513054466645302,-0.019144059985551576
000096.SZ,20240905,-0.014639708496669734,-0.041666949745568616,-0.013513054466645302,-0.019144059985551576
000100.SZ,20240112,0.00705803678514072,0.01882385437135503,-0.007058036785140387,0.00705803678514072
000100.SZ,20240913,-0.005508721213589585,0.019283309243121716,0.030303536665859054,0.057852712724923316
000100.SZ,20240918,0.0249293593473896,0.036010630403064736,0.03324101274472202,0.08310253186180483
000155.SZ,20240823,0.025785441543172638,0.010089905123910059,0.0358741906284572,0.06502254853339151
000155.SZ,20250901,-0.008858761853519415,-0.019684692883587984,-0.0039373386111205555,0.03346887832353573
000155.SZ,20251230,-0.009353741496598622,0.03571428571428581,0.058673469387755084,0.0518707482993197
000166.SZ,20240207,-0.011036591896776193,-0.028697873581685185,-0.015453051755531577,0.004416459858755273
000166.SZ,20240223,-0.006607819328667497,0.006607819328667164,-0.004404454934490376,0.004404454934490154
000166.SZ,20240829,0.011185396754479937,-0.06040159836971748,-0.04474158701791897,-0.03579463730091603
000301.SZ,20240320,-0.013363330018249076,-0.0400803344694739,-0.0534388366950862,-0.06202747979568779
000301.SZ,20240619,-0.014778331190296812,-0.012315070720208099,-0.029556662380593512,8.375085598300025e-05
000301.SZ,20240621,-0.017456570561381057,-0.011347581406426777,0.01255341780423036,-0.006151386711857554
000301.SZ,20240624,0.006217525833381865,0.030543167321120723,0.008967756182624465,0.0076986143509483185
000301.SZ,20240625,0.024175330744305557,0.0027332363814323024,0.005255835718240842,0.003994536049836572
000301.SZ,20240729,-0.010152284263959421,0.006345177664974555,-0.005076142131979711,-0.020304568527918843
000301.SZ,20241024,0.03771289537712885,0.04379562043795615,0.02311435523114347,-0.03771289537712896
000301.SZ,20250205,0.008120649651972123,0.012761020881670637,0.013921113689095321,0.022041763341067444
000301.SZ,20250318,-0.015521064301551979,-0.0177383592017738,-0.027716186252771613,-0.024390243902438935
000301.SZ,20250328,-0.04272517321016178,-0.050808314087759765,-0.04734411085450352,-0.1374133949191686
000301.SZ,20250616,0.004884004884005089,0.0024420024420026554,-0.004884004884004756,0.014652014652014822
000301.SZ,20250923,-0.006451612903225823,-0.01505376344086029,0.003225806451612856,0.022580645161290214
000301.SZ,20250923,-0.006451612903225823,-0.01505376344086029,0.003225806451612856,0.022580645161290214
000333.SZ,20240102,-0.0020164016817475483,0.012647420358188777,0.019061959441866616,0.01118002894414416
000333.SZ,20240103,0.01469344993710009,0.021120949441588266,0.010102378862466121,0.014141307909181666
000333.SZ,20240813,-0.007495775030473051,-0.005865959725682157,0.006194329686879607,0.02705355868796433
000333.SZ,20240813,-0.007495775030473051,-0.005865959725682157,0.006194329686879607,0.02705355868796433
000400.SZ,20240312,0.003636378852929667,-0.003640563408571662,-0.005657519228033259,0.02869768259308536
000400.SZ,20240517,0.042336058760409356,0.03175298864993126,0.0007292154699471975,0.038686203092175964
000401.SZ,20240704,0.0024150529235240636,0.014492789447924315,0.004830105847048349,0.03140063181937269
000401.SZ,20240816,-0.002241776900749337,-0.01569473285683154,-0.022422358110666174,-0.03138946571366297
000401.SZ,20240823,0.02314662371042453,0.004628850960000985,-0.009260070830421463,0.006943276440001256
000401.SZ,20240830,0.0,0.020690904471305727,0.018390085304399895,0.006897752349046993
000401.SZ,20250707,0.008849557522123908,0.008849557522123908,0.030973451327433787,0.028761061946902755
000402.SZ,20240109,0.0,0.014326647564469885,0.014326647564469885,0.0
000403.SZ,20240730,0.06704375492888781,0.02412095831180472,0.02493677426372587,0.0343404128028717
000408.SZ,20240111,0.014442242776920633,-0.012586054307218819,-0.009625551178327196,-0.027396401970535944
000408.SZ,20240122,0.015074849796932188,0.019438290873695196,0.040861108314033556,0.015074849796932188
000408.SZ,20240205,0.06239535810780872,0.10427426141648577,0.09296629313017668,0.10888071931611809
000408.SZ,20240206,0.0394193206785709,0.02877547872273878,0.04099525967555673,0.041387159849410216
000408.SZ,20240206,0.0394193206785709,0.02877547872273878,0.04099525967555673,0.041387159849410216
000408.SZ,20240206,0.0394193206785709,0.02877547872273878,0.04099525967555673,0.041387159849410216
000408.SZ,20240206,0.0394193206785709,0.02877547872273878,0.04099525967555673,0.041387159849410216
000408.SZ,20240220,-0.002268805521825179,0.01737154087045445,0.04607113184636047,0.04909088004090245
000408.SZ,20240226,-0.0017976930239629318,-0.01329456701442333,0.05245995097200851,0.06611557683902491
000408.SZ,20240227,-0.011517579061993022,0.054355358244302154,0.05939644078251005,0.05219652606970704
000408.SZ,20240306,0.006119066536759421,0.01631870917176892,0.00917859980513902,-0.017674107576209686
000408.SZ,20240306,0.006119066536759421,0.01631870917176892,0.00917859980513902,-0.017674107576209686
000408.SZ,20240307,0.010137609925352509,0.0030409256420427244,-0.02026807313944301,0.0016901972134972798
000408.SZ,20240307,0.010137609925352509,0.0030409256420427244,-0.02026807313944301,0.0016901972134972798
000408.SZ,20240312,-0.003450325884373995,0.02241252913264047,0.08482476648296533,0.08379258654081112
000408.SZ,20240523,0.01745060871944193,0.01859183553827215,0.011381001700115245,0.004932288511519722
000408.SZ,20240523,0.01745060871944193,0.01859183553827215,0.011381001700115245,0.004932288511519722
000408.SZ,20240618,-0.0031850924538755487,-0.006374289408336065,-0.014739261600344666,-0.03631251667453361
000408.SZ,20240820,0.007552351527634782,0.005332417896784403,0.008888888888888724,0.052422473967273175
000408.SZ,20240902,0.004165950867548673,-0.011673252018553515,-0.012944511252362068,-0.02938069060298909
000408.SZ,20241022,0.005362926584012495,0.00035704266659863926,0.012511066501018187,0.04898042458930996
000408.SZ,20241024,0.012149685878175331,0.017867613584630737,0.048606027497041016,0.02680506236911584
000408.SZ,20241029,-0.016362127111256175,-0.02079042515134366,-0.00102458660535365,0.03237693672917219
000408.SZ,20241122,0.004262849161000393,-0.0049721177820156726,0.00781281098353137,0.021307008370093472
000408.SZ,20241209,-0.003941807245625539,0.007522282160402405,0.0297277963107605,-0.02865474878278451
000408.SZ,20241211,0.022039725119273212,-0.015997275826218016,-0.035906928892543766,-0.03412824627690214
000408.SZ,20241216,-0.00036823416687015165,0.001844928325849704,-0.0018411708343509803,-0.004790801660811139
000408.SZ,20250117,-0.001541891722145583,-0.0375957794246955,-0.07180316543147847,-0.07087677427458872
000408.SZ,20250123,0.005338108522285223,0.02567796696556912,0.01334017444843516,0.07702710508700328
000408.SZ,20250124,0.02023185858654153,0.007959576841180205,0.03515733261229581,0.060364349207422174
000408.SZ,20250529,-0.009558457174827284,-0.009012895845105118,0.004097276925260962,0.026495909681765184
000408.SZ,20250619,-0.0022005462737747505,0.002933230990071589,0.033259898720044756,0.028367857570078536
000408.SZ,20250619,-0.0022005462737747505,0.002933230990071589,0.033259898720044756,0.028367857570078536
000408.SZ,20250710,0.007964325332113331,0.037654680824374065,0.034516175844826025,0.03596490580795586
000408.SZ,20250710,0.007964325332113331,0.037654680824374065,0.034516175844826025,0.03596490580795586
000408.SZ,20250711,0.02945576023484553,0.026342053826125422,0.014848670452243917,0.04765483734788356
000408.SZ,20251030,-0.022096693802957312,-0.04369496594118616,-0.09137730520019938,-0.05266655590629665
000410.SZ,20240715,0.0036231884057971175,-0.0036231884057970065,0.02898550724637694,0.13224637681159424
000413.SZ,20240711,-0.04878048780487809,-0.09756097560975596,-0.14634146341463405,-0.22764227642276424
000413.SZ,20240712,-0.0512820512820511,-0.10256410256410242,-0.14529914529914523,-0.23076923076923073
000413.SZ,20240715,-0.05405405405405406,-0.0990990990990992,-0.14414414414414423,-0.22522522522522526
000413.SZ,20240715,-0.05405405405405406,-0.0990990990990992,-0.14414414414414423,-0.22522522522522526
000413.SZ,20240716,-0.04761904761904767,-0.09523809523809534,-0.1428571428571429,-0.21904761904761916
000413.SZ,20240716,-0.04761904761904767,-0.09523809523809534,-0.1428571428571429,-0.21904761904761916
000413.SZ,20240716,-0.04761904761904767,-0.09523809523809534,-0.1428571428571429,-0.21904761904761916
000413.SZ,20240719,-0.04444444444444451,-0.08888888888888902,-0.1333333333333333,-0.22222222222222232
000413.SZ,20240725,-0.05405405405405406,-0.09459459459459452,-0.1351351351351351,-0.21621621621621623
000415.SZ,20240103,-0.01869158878504673,-0.028037383177570097,-0.05140186915887868,-0.03738317757009346
000415.SZ,20240104,-0.00952380952380949,-0.03333333333333344,-0.02857142857142858,-0.014285714285714457
000415.SZ,20240105,-0.024038461538461675,-0.019230769230769273,-0.009615384615384581,-0.019230769230769273
000415.SZ,20240108,0.0049261083743843415,0.014778325123152802,0.019704433497536922,0.009852216748768461
000415.SZ,20240109,0.009803921568627416,0.014705882352941124,0.0,0.0
000415.SZ,20240109,0.009803921568627416,0.014705882352941124,0.0,0.0
000415.SZ,20240110,0.004854368932038833,-0.009708737864077666,-0.004854368932038944,-0.03398058252427183
000415.SZ,20240110,0.004854368932038833,-0.009708737864077666,-0.004854368932038944,-0.03398058252427183
000415.SZ,20240111,-0.01449275362318836,-0.009661835748792313,-0.01449275362318836,-0.03864734299516903
000415.SZ,20240111,-0.01449275362318836,-0.009661835748792313,-0.01449275362318836,-0.03864734299516903
000415.SZ,20240112,0.004901960784313708,0.0,-0.02450980392156865,-0.009803921568627416
000415.SZ,20240115,-0.004878048780487698,-0.029268292682926744,-0.029268292682926744,-0.05365853658536579
000415.SZ,20240115,-0.004878048780487698,-0.029268292682926744,-0.029268292682926744,-0.05365853658536579
000415.SZ,20240116,-0.02450980392156865,-0.02450980392156865,-0.009803921568627416,-0.02941176470588236
000415.SZ,20240117,0.0,0.015075376884422065,-0.025125628140703515,0.06030150753768848
000415.SZ,20240117,0.0,0.015075376884422065,-0.025125628140703515,0.06030150753768848
000415.SZ,20240118,0.015075376884422065,-0.025125628140703515,-0.005025125628140725,0.05527638190954787
000415.SZ,20240219,0.004807692307692291,0.009615384615384581,0.004807692307692291,-0.004807692307692402
000415.SZ,20240219,0.004807692307692291,0.009615384615384581,0.004807692307692291,-0.004807692307692402
000415.SZ,20240220,0.004784688995215447,0.0,0.0,0.004784688995215447
000415.SZ,20240220,0.004784688995215447,0.0,0.0,0.004784688995215447
000415.SZ,20240222,0.0,-0.009569377990430672,0.004784688995215447,0.1004784688995215
000415.SZ,20240222,0.0,-0.009569377990430672,0.004784688995215447,0.1004784688995215
000415.SZ,20240222,0.0,-0.009569377990430672,0.004784688995215447,0.1004784688995215
000415.SZ,20240223,-0.009569377990430672,0.004784688995215447,0.04784688995215314,0.06698564593301448
000415.SZ,20240318,-0.022831050228310446,-0.0273972602739726,-0.0182648401826484,-0.0547945205479452
000420.SZ,20240611,-0.005952380952380931,-0.03273809523809523,-0.044642857142857095,0.008928571428571397
000423.SZ,20240529,-0.003778430286360268,-0.01584379072619513,-0.01700613834818565,0.00043548010080085575
000423.SZ,20240530,-0.012111121467991315,-0.013277877596675203,0.006711258393090835,0.018382033884140947
000425.SZ,20240305,0.032786997939427076,0.02950795443023191,0.05409906217293359,0.0
000425.SZ,20250220,0.0035762899276348126,0.028605453720497165,0.04767656715092561,0.059595100726084205
000425.SZ,20250721,0.04691075514874132,-0.003432494279176135,0.003432494279176135,-0.016018306636155666
000425.SZ,20250724,-0.027366020524515422,-0.019384264538198415,-0.021664766248574607,-0.04446978335233742
000425.SZ,20250815,-0.01252847380410016,-0.02733485193621865,-0.01252847380410016,0.018223234624145768
000426.SZ,20240108,0.013874800870415704,-0.010671517128102215,-0.012806681073196824,0.020278141407013894
000426.SZ,20240108,0.013874800870415704,-0.010671517128102215,-0.012806681073196824,0.020278141407013894
000426.SZ,20240109,-0.024210403471360276,-0.026316347857453626,-0.007369213957584164,0.019999575628335098
000426.SZ,20240109,-0.024210403471360276,-0.026316347857453626,-0.007369213957584164,0.019999575628335098
000426.SZ,20240110,-0.002158195161728771,0.01725903778200588,0.031283500951345466,0.028046751834737815
000426.SZ,20240111,0.019459229759252183,0.03351402592166841,0.04756773248053703,-0.01297281983950127
000426.SZ,20240221,0.0011158705590150753,0.017857303552787807,0.010045084770166524,-0.01674143299377273
000426.SZ,20240221,0.0011158705590150753,0.017857303552787807,0.010045084770166524,-0.01674143299377273
000426.SZ,20240221,0.0011158705590150753,0.017857303552787807,0.010045084770166524,-0.01674143299377273
000426.SZ,20240222,0.016722772544225606,0.00891926146986921,0.010033888249676659,0.010033888249676659
000426.SZ,20240312,-0.0010296811828879315,0.025747219497511242,0.09990087242644585,0.12254970650972341
000426.SZ,20240312,-0.0010296811828879315,0.025747219497511242,0.09990087242644585,0.12254970650972341
000426.SZ,20240312,-0.0010296811828879315,0.025747219497511242,0.09990087242644585,0.12254970650972341
000426.SZ,20240313,0.026804500770459372,0.10103458702241164,0.12370676622198595,0.12370676622198595
000426.SZ,20240326,-0.023325999887177873,0.002792350651548592,0.05316748462796861,0.06436509279629932
000426.SZ,20240327,0.026742137638259278,0.07832038582608947,0.07832038582608947,0.1633214928620248
000426.SZ,20240624,0.01368568021175709,0.0007199162279298843,-0.03390878152360455,0.010100642834288243
000426.SZ,20240624,0.01368568021175709,0.0007199162279298843,-0.03390878152360455,0.010100642834288243
000426.SZ,20240625,-0.012790714357451383,-0.046951893140504186,-0.033429460967876135,-0.03129887085897931
000426.SZ,20240807,-0.014642579306768155,0.006033365027227955,0.012058086265018586,-0.013778200363039339
000426.SZ,20240814,0.02357663721778147,0.027941382695274353,0.057635675220866656,0.05414738465853319
000426.SZ,20240820,0.008358694467500039,-0.00918869522204624,-0.014202235133345065,-0.03257962557743743
000426.SZ,20240821,-0.017401932254685226,-0.02237391289888091,-0.014084507042253502,-0.05633802816901412
000426.SZ,20241028,0.014440877901036986,0.023106853801508453,-0.01877386585127272,-0.012998963850707534
000426.SZ,20241104,0.036581337131194935,0.08193544124448482,0.05852426642783204,0.0329254057863555
000426.SZ,20250114,-0.01382112494492771,0.002439501982605341,0.003247230063802231,-0.004879003965210682
000498.SZ,20250312,0.005179968169988669,0.015543476901807463,0.029359702348311867,0.01727072835711052
000504.SZ,20240731,0.0057553956834532904,0.030215827338129442,0.0028776978417266452,0.012949640287769792
000504.SZ,20250423,-0.09999999999999998,-0.18356164383561646,-0.21643835616438356,-0.17808219178082185
000504.SZ,20250423,-0.09999999999999998,-0.18356164383561646,-0.21643835616438356,-0.17808219178082185
000506.SZ,20240522,-0.048387096774193616,-0.09677419354838701,-0.1411290322580645,-0.22580645161290325
000506.SZ,20240523,-0.05084745762711851,-0.09745762711864403,-0.14406779661016944,-0.22881355932203384
000506.SZ,20240523,-0.05084745762711851,-0.09745762711864403,-0.14406779661016944,-0.22881355932203384
000506.SZ,20240529,-0.05208333333333326,-0.09895833333333326,-0.14583333333333337,-0.22916666666666663
000506.SZ,20240603,-0.04878048780487798,-0.09756097560975607,-0.1402439024390244,-0.22560975609756095
000506.SZ,20240903,0.046979865771812124,-0.006711409395973145,0.04026845637583887,-0.06040268456375841
000506.SZ,20241022,0.05154639175257736,0.10309278350515472,0.1597938144329898,0.27835051546391765
000506.SZ,20241023,0.0490196078431373,0.10294117647058831,0.1568627450980391,0.27450980392156854
000506.SZ,20241030,0.050000000000000044,0.10384615384615392,0.15769230769230758,0.2769230769230768
000513.SZ,20241118,0.016703237031372886,0.025593714330041983,0.024515996764076897,-0.030170550882675617
000525.SZ,20251127,0.008726003490401313,0.029668411867364686,0.017452006980802626,0.00698080279232105
000531.SZ,20240722,0.004264434182657428,-0.014926610287429476,-0.010662176104772159,0.0021311264432000154
000534.SZ,20240206,0.0010017454347432952,0.09909558439552879,0.12012614271113353,0.12613051950558885
000534.SZ,20240220,0.01717888245496524,0.01717888245496524,0.026217984601407673,0.04972882693560665
000534.SZ,20240220,0.01717888245496524,0.01717888245496524,0.026217984601407673,0.04972882693560665
000534.SZ,20240221,0.0,0.008886442986927312,0.01955017457124031,-0.01866604115731263
000534.SZ,20240822,-0.005399196368092385,0.0021592401228465175,-0.0044028769408499535,0.03821855017438325
000534.SZ,20240823,0.00759946750830931,0.001001727953169107,0.009792469297974948,0.05264526708337369
000537.SZ,20250123,-0.009379294369165847,-0.012896228133780996,-0.019930095663011516,0.012895021638493098
000538.SZ,20240304,0.01263435832075488,0.0069098564959608755,-0.0001957466429450827,0.01776727029131453
000538.SZ,20240304,0.01263435832075488,0.0069098564959608755,-0.0001957466429450827,0.01776727029131453
000538.SZ,20240304,0.01263435832075488,0.0069098564959608755,-0.0001957466429450827,0.01776727029131453
000538.SZ,20240304,0.01263435832075488,0.0069098564959608755,-0.0001957466429450827,0.01776727029131453
000538.SZ,20240314,0.0023371606395534705,0.005258074900740484,-0.00136280716815107,-0.006623028221912186
000538.SZ,20240314,0.0023371606395534705,0.005258074900740484,-0.00136280716815107,-0.006623028221912186
000538.SZ,20240315,0.0029141035331097243,-0.003691340551859601,-0.0040810296356406095,-0.01632411854256277
000538.SZ,20240315,0.0029141035331097243,-0.003691340551859601,-0.0040810296356406095,-0.01632411854256277
000538.SZ,20240826,-0.01187727992562404,0.0026000015757585704,0.010023793953814586,0.009651521000921814
000538.SZ,20241127,-0.0005270587205421506,0.005790350995575677,0.009476114574176853,-0.0005270587205421506
000538.SZ,20260126,0.009079579846893227,-0.009791703756453662,-0.0012462168417304298,-0.011750044507744417
000541.SZ,20240710,0.030301961415428957,0.030301961415428957,0.012987184772520255,0.0
000546.SZ,20240605,-0.06928406466512693,-0.006928406466512715,-0.002309468822170868,0.013856812933025209
000547.SZ,20240704,0.022530329289428108,-0.01559792027729634,-0.006932409012131546,0.020797227036395194
000547.SZ,20240710,0.03880070546737202,0.03527336860670194,0.024691358024691246,0.03880070546737202
000547.SZ,20240717,-0.001697792869269965,0.01018675721561979,0.022071307300509213,0.008488964346349936
000547.SZ,20250711,-0.006211180124223725,-0.05465838509316778,-0.049689440993788914,-0.01739130434782621
000551.SZ,20240306,0.10047738785029714,0.09569330563754974,0.05741627491709478,0.04186582121642801
000551.SZ,20240709,-0.018433038512431277,0.014975973257190578,0.013824082456995512,0.03916985862525246
000551.SZ,20240710,0.03403640615510373,0.0328628837716185,0.06807423132155366,0.045774468012646174
000551.SZ,20240710,0.03403640615510373,0.0328628837716185,0.06807423132155366,0.045774468012646174
000553.SZ,20240709,-0.020361990950226172,0.03393665158371051,0.02941176470588225,0.002262443438914019
000553.SZ,20240710,0.05542725173210172,0.050808314087759765,0.0323325635103926,0.03002309468822162
000553.SZ,20240724,0.011792452830188704,0.023584905660377187,0.01650943396226401,0.06839622641509435
000553.SZ,20240726,-0.00691244239631339,0.0023041474654377225,0.04377880184331806,0.02073732718894017
000553.SZ,20240730,0.04137931034482767,0.01839080459770126,0.01839080459770126,0.025287356321839205
000553.SZ,20240802,-0.013544018058690654,0.006772009029345494,0.004514672686230403,0.015801354401805856
000553.SZ,20240802,-0.013544018058690654,0.006772009029345494,0.004514672686230403,0.015801354401805856
000554.SZ,20251224,-0.003076923076922977,-0.003076923076922977,0.0015384615384614886,-0.003076923076922977
000554.SZ,20251225,0.0,0.004629629629629539,0.01388888888888884,0.012345679012345512
000563.SZ,20240102,0.006578672424601084,-0.0032910775231593803,-0.0032910775231593803,-0.01644842237236188
000563.SZ,20240708,0.018794362080090776,0.01127661724805451,0.03007486647645563,0.02631599406043761
000564.SZ,20250603,0.004098360655737876,0.0,-0.004098360655737654,-0.016393442622950838
000564.SZ,20250603,0.004098360655737876,0.0,-0.004098360655737654,-0.016393442622950838
000564.SZ,20250606,0.00411522633744843,-0.012345679012345734,-0.012345679012345734,-0.020576131687242927
000564.SZ,20250609,-0.016393442622950838,-0.016393442622950838,-0.02868852459016391,-0.040983606557377095
000564.SZ,20250619,-0.03111111111111109,-0.026666666666666727,0.0,-0.004444444444444362
000571.SZ,20240510,-0.012618296529968487,0.003154574132492094,-0.01577287066246047,-0.006309148264984188
000571.SZ,20240912,0.032573289902280145,0.006514657980456029,0.0,0.006514657980456029
000571.SZ,20250422,0.0,-0.024096385542168752,-0.024096385542168752,0.031325301204819356
000582.SZ,20240423,0.004950722703031429,0.017327529460610336,0.004950722703031429,0.0
000584.SZ,20240606,-0.02941176470588236,-0.009803921568627416,0.03921568627450989,0.13725490196078427
000584.SZ,20250422,-0.05263157894736836,-0.09941520467836251,-0.14619883040935677,-0.8596491228070176
000584.SZ,20250423,-0.04938271604938271,-0.09876543209876554,-0.8641975308641976,-0.8395061728395061
000584.SZ,20250423,-0.04938271604938271,-0.09876543209876554,-0.8641975308641976,-0.8395061728395061
000584.SZ,20250423,-0.04938271604938271,-0.09876543209876554,-0.8641975308641976,-0.8395061728395061
000584.SZ,20250423,-0.04938271604938271,-0.09876543209876554,-0.8641975308641976,-0.8395061728395061
000584.SZ,20250423,-0.04938271604938271,-0.09876543209876554,-0.8641975308641976,-0.8395061728395061
000584.SZ,20250423,-0.04938271604938271,-0.09876543209876554,-0.8641975308641976,-0.8395061728395061
000584.SZ,20250424,-0.051948051948051965,-0.8571428571428572,-0.8441558441558441,-0.8441558441558441
000584.SZ,20250424,-0.051948051948051965,-0.8571428571428572,-0.8441558441558441,-0.8441558441558441
000584.SZ,20250424,-0.051948051948051965,-0.8571428571428572,-0.8441558441558441,-0.8441558441558441
000584.SZ,20250424,-0.051948051948051965,-0.8571428571428572,-0.8441558441558441,-0.8441558441558441
000591.SZ,20240613,0.008065354944959857,0.0020152552656671485,0.0020152552656671485,-0.04032244084250658
000591.SZ,20240613,0.008065354944959857,0.0020152552656671485,0.0020152552656671485,-0.04032244084250658
000591.SZ,20240816,-0.00457737259289237,-0.029749351360357945,-0.06178619885268144,-0.0846683011592202
000591.SZ,20250121,-0.011262948575656684,-0.015767203107658,-0.011262948575656684,-0.009010821309655914
000591.SZ,20250213,-0.008752263322714837,-0.006564197492036183,-0.017504526645429896,-0.02844485579882372
000591.SZ,20250318,0.004359301259254211,0.006537833545818605,0.004359301259254211,0.013073430405511122
000591.SZ,20250402,0.008948052604259793,-0.07382602744130706,-0.046979572900446076,-0.03803152029618606
000591.SZ,20250613,0.0023040221034726915,0.009216088413891432,0.0023040221034726915,-0.00921608841389121
000591.SZ,20250613,0.0023040221034726915,0.009216088413891432,0.0023040221034726915,-0.00921608841389121
000591.SZ,20250718,0.013274237084465623,0.03539946015262818,0.02212522306816256,0.02212522306816256
000598.SZ,20241031,-0.01761575461426257,-0.013551115307545714,-0.0027102230615091427,0.02574503322769628
000601.SZ,20250616,-0.0040567951318457585,-0.016227180527383367,-0.04056795131845825,-0.04665314401622711
000601.SZ,20251110,0.007393715341959428,-0.003696857670979714,-0.003696857670979714,-0.011090573012939142
000601.SZ,20251110,0.007393715341959428,-0.003696857670979714,-0.003696857670979714,-0.011090573012939142
000603.SZ,20240201,-0.05152286731009492,-0.13466120440110663,-0.07377140513462443,0.030444306939495513
000603.SZ,20250507,-0.007252939887517407,-0.026119348477101845,-0.027572858081951757,-0.019589511357826273
000603.SZ,20250507,-0.007252939887517407,-0.026119348477101845,-0.027572858081951757,-0.019589511357826273
000603.SZ,20250508,-0.01900424523790256,-0.020468374081240803,-0.013162444727296663,-0.04020836245649917
000612.SZ,20240327,0.03370847721414316,0.09550702786829435,0.15168717474830995,0.3333339818102232
000612.SZ,20240722,-0.04584033707806934,-0.06621324437641762,-0.07979518257531648,-0.06791141853687532
000612.SZ,20240722,-0.04584033707806934,-0.06621324437641762,-0.07979518257531648,-0.06791141853687532
000612.SZ,20250218,0.026912428315915893,0.028327734083935407,0.06232245623289412,0.03824352194948988
000617.SZ,20240826,-0.022599827458713473,-0.028249784323391647,-0.039547772368745404,-0.03578113445895981
000620.SZ,20250313,0.016393442622950838,0.021857923497267784,0.010928961748633892,-0.005464480874316946
000620.SZ,20250313,0.016393442622950838,0.021857923497267784,0.010928961748633892,-0.005464480874316946
000620.SZ,20251022,0.10091743119266039,0.21100917431192667,0.33027522935779796,0.39449541284403655
000620.SZ,20251022,0.10091743119266039,0.21100917431192667,0.33027522935779796,0.39449541284403655
000620.SZ,20251022,0.10091743119266039,0.21100917431192667,0.33027522935779796,0.39449541284403655
000629.SZ,20240126,-0.01980198019801971,-0.03960396039603953,-0.06930693069306926,-0.10561056105610556
000629.SZ,20240201,-0.04577464788732388,-0.102112676056338,-0.014084507042253502,0.073943661971831
000629.SZ,20240801,-0.008264462809917328,-0.03305785123966942,-0.028925619834710647,-0.02066115702479332
000629.SZ,20250123,0.0073260073260073,0.00366300366300365,0.0146520146520146,0.04395604395604402
000632.SZ,20240806,-0.0036496350364964014,0.014598540145985162,0.007299270072992581,-0.021897810218978075
000632.SZ,20240807,0.01831501831501825,0.01098901098901095,-0.02197802197802201,-0.02564102564102555
000632.SZ,20240808,-0.007194244604316502,-0.03956834532374098,-0.03597122302158262,-0.025179856115107868
000632.SZ,20240809,-0.032608695652173836,-0.02898550724637672,-0.03623188405797084,-0.05072463768115931
000632.SZ,20240812,0.0037453183520599342,-0.0037453183520598232,0.014981273408239737,-0.0037453183520598232
000632.SZ,20240814,0.018796992481203034,-0.015037593984962405,0.0,-0.0413533834586467
000636.SZ,20250612,-0.01194311365951195,-0.011196197517824191,-0.013436945942887357,-0.025372514994907336
000651.SZ,20240809,0.0007442742607546293,-0.0017385557056236456,-0.004468519210321986,0.017865455903905092
000651.SZ,20241120,-0.009826752309542663,-0.03346469790413786,-0.041187911047419146,-0.014975561071730148
000669.SZ,20240807,0.051470588235293935,0.051470588235293935,0.007352941176470562,-0.022058823529411797
000669.SZ,20240809,-0.04195804195804187,-0.0629370629370628,-0.0699300699300699,-0.07692307692307687
000669.SZ,20240812,-0.021897810218978075,-0.02919708029197088,0.007299270072992581,-0.03649635036496357
000669.SZ,20240812,-0.021897810218978075,-0.02919708029197088,0.007299270072992581,-0.03649635036496357
000669.SZ,20240813,-0.007462686567164201,0.02985074626865658,-0.014925373134328401,-0.022388059701492602
000669.SZ,20240813,-0.007462686567164201,0.02985074626865658,-0.014925373134328401,-0.022388059701492602
000669.SZ,20240814,0.037593984962405846,-0.007518796992481258,-0.007518796992481258,-0.022556390977443663
000669.SZ,20240814,0.037593984962405846,-0.007518796992481258,-0.007518796992481258,-0.022556390977443663
000669.SZ,20240814,0.037593984962405846,-0.007518796992481258,-0.007518796992481258,-0.022556390977443663
000669.SZ,20240814,0.037593984962405846,-0.007518796992481258,-0.007518796992481258,-0.022556390977443663
000669.SZ,20240815,-0.04347826086956508,-0.04347826086956508,-0.05072463768115931,-0.05797101449275355
000669.SZ,20240815,-0.04347826086956508,-0.04347826086956508,-0.05072463768115931,-0.05797101449275355
000669.SZ,20240815,-0.04347826086956508,-0.04347826086956508,-0.05072463768115931,-0.05797101449275355
000669.SZ,20240815,-0.04347826086956508,-0.04347826086956508,-0.05072463768115931,-0.05797101449275355
000669.SZ,20240816,0.0,-0.007575757575757569,-0.015151515151515138,-0.015151515151515138
000669.SZ,20240816,0.0,-0.007575757575757569,-0.015151515151515138,-0.015151515151515138
000669.SZ,20240816,0.0,-0.007575757575757569,-0.015151515151515138,-0.015151515151515138
000669.SZ,20240816,0.0,-0.007575757575757569,-0.015151515151515138,-0.015151515151515138
000669.SZ,20240819,-0.007575757575757569,-0.015151515151515138,-0.015151515151515138,-0.015151515151515138
000669.SZ,20240819,-0.007575757575757569,-0.015151515151515138,-0.015151515151515138,-0.015151515151515138
000669.SZ,20240819,-0.007575757575757569,-0.015151515151515138,-0.015151515151515138,-0.015151515151515138
000669.SZ,20240819,-0.007575757575757569,-0.015151515151515138,-0.015151515151515138,-0.015151515151515138
000669.SZ,20240820,-0.007633587786259555,-0.007633587786259555,-0.007633587786259555,0.04580152671755733
000669.SZ,20240820,-0.007633587786259555,-0.007633587786259555,-0.007633587786259555,0.04580152671755733
000669.SZ,20240820,-0.007633587786259555,-0.007633587786259555,-0.007633587786259555,0.04580152671755733
000669.SZ,20240820,-0.007633587786259555,-0.007633587786259555,-0.007633587786259555,0.04580152671755733
000669.SZ,20240821,0.0,0.0,0.0,0.04615384615384621
000669.SZ,20240821,0.0,0.0,0.0,0.04615384615384621
000669.SZ,20240821,0.0,0.0,0.0,0.04615384615384621
000669.SZ,20240821,0.0,0.0,0.0,0.04615384615384621
000669.SZ,20240822,0.0,0.0,0.05384615384615388,0.05384615384615388
000669.SZ,20240822,0.0,0.0,0.05384615384615388,0.05384615384615388
000669.SZ,20240822,0.0,0.0,0.05384615384615388,0.05384615384615388
000669.SZ,20240822,0.0,0.0,0.05384615384615388,0.05384615384615388
000669.SZ,20240823,0.0,0.05384615384615388,0.04615384615384621,0.0692307692307692
000669.SZ,20240823,0.0,0.05384615384615388,0.04615384615384621,0.0692307692307692
000669.SZ,20240823,0.0,0.05384615384615388,0.04615384615384621,0.0692307692307692
000669.SZ,20240823,0.0,0.05384615384615388,0.04615384615384621,0.0692307692307692
000677.SZ,20251022,0.021235521235521304,-0.05791505791505791,-0.07335907335907332,-0.10424710424710426
000677.SZ,20251022,0.021235521235521304,-0.05791505791505791,-0.07335907335907332,-0.10424710424710426
000677.SZ,20251028,-0.03534303534303529,-0.05613305613305608,-0.04989604989604979,-0.027027027027026973
000677.SZ,20251028,-0.03534303534303529,-0.05613305613305608,-0.04989604989604979,-0.027027027027026973
000677.SZ,20251028,-0.03534303534303529,-0.05613305613305608,-0.04989604989604979,-0.027027027027026973
000677.SZ,20251028,-0.03534303534303529,-0.05613305613305608,-0.04989604989604979,-0.027027027027026973
000677.SZ,20260227,-0.04076738609112707,-0.07434052757793763,-0.07194244604316546,0.05515587529976029
000677.SZ,20260227,-0.04076738609112707,-0.07434052757793763,-0.07194244604316546,0.05515587529976029
000677.SZ,20260227,-0.04076738609112707,-0.07434052757793763,-0.07194244604316546,0.05515587529976029
000686.SZ,20250401,0.018986868050752115,0.011392378926938118,-0.08987306814779639,-0.07215216336475228
000686.SZ,20250521,-0.01079604864894601,-0.021592097297892243,-0.021592097297892243,-0.014845082824280431
000686.SZ,20250521,-0.01079604864894601,-0.021592097297892243,-0.021592097297892243,-0.014845082824280431
000686.SZ,20250909,-0.0023701190323790478,0.027250984957341462,0.017771705253384784,0.014217124917596191
000686.SZ,20250909,-0.0023701190323790478,0.027250984957341462,0.017771705253384784,0.014217124917596191
000686.SZ,20250909,-0.0023701190323790478,0.027250984957341462,0.017771705253384784,0.014217124917596191
000688.SZ,20241030,-0.004156275976724744,-0.009975062344139585,-0.009143807148794592,0.0282626766417291
000688.SZ,20241225,-0.02305918524212136,-0.013066871637202104,-0.04073789392774785,-0.12375096079938508
000688.SZ,20241230,-0.04727564102564097,-0.08653846153846156,-0.10897435897435903,-0.05769230769230771
000688.SZ,20241230,-0.04727564102564097,-0.08653846153846156,-0.10897435897435903,-0.05769230769230771
000691.SZ,20240705,-0.031161473087818692,-0.014164305949008416,-0.025495750708215303,-0.011331444759206666
000691.SZ,20240708,0.01754385964912286,0.005847953216374213,0.04678362573099415,-0.005847953216374324
000691.SZ,20240708,0.01754385964912286,0.005847953216374213,0.04678362573099415,-0.005847953216374324
000691.SZ,20240709,-0.011494252873563204,0.028735632183908066,0.00287356321839094,-0.034482758620689724
000691.SZ,20240709,-0.011494252873563204,0.028735632183908066,0.00287356321839094,-0.034482758620689724
000691.SZ,20240709,-0.011494252873563204,0.028735632183908066,0.00287356321839094,-0.034482758620689724
000691.SZ,20240710,0.04069767441860472,0.014534883720930258,-0.011627906976744207,-0.026162790697674354
000691.SZ,20240716,-0.0029761904761904656,-0.011904761904761862,0.0029761904761904656,0.01488095238095255
000691.SZ,20240716,-0.0029761904761904656,-0.011904761904761862,0.0029761904761904656,0.01488095238095255
000691.SZ,20240820,0.0,-0.013736263736263798,-0.02197802197802201,-0.005494505494505475
000691.SZ,20240821,-0.013736263736263798,-0.02197802197802201,-0.01098901098901095,0.0027472527472527375
000691.SZ,20240822,-0.00835654596100277,0.0027855153203342198,0.008356545961002881,0.03899721448467974
000691.SZ,20240823,0.011235955056179803,0.016853932584269593,0.02528089887640439,0.07584269662921339
000691.SZ,20250904,-0.05048859934853411,-0.0032573289902279035,0.04723127035830621,0.1547231270358307
000691.SZ,20250916,0.050000000000000044,0.102439024390244,0.07560975609756104,0.18536585365853675
000691.SZ,20260127,-0.039999999999999925,-0.057777777777777706,-0.05222222222222228,-0.03111111111111109
000691.SZ,20260129,0.00589622641509413,-0.021226415094339535,0.028301886792452935,0.021226415094339535
000691.SZ,20260210,-0.04112808460634543,0.007050528789659394,0.009400705052879044,0.02232667450058745
000695.SZ,20240705,-0.02375000000000005,-0.015000000000000013,-0.03249999999999997,-0.020000000000000018
000695.SZ,20240708,0.008962868117797784,-0.008962868117797673,0.00768245838668391,0.040973111395646855
000703.SZ,20240227,-0.02158283954100826,-0.004317743604213664,-0.008634017588412313,-0.03165561512415349
000703.SZ,20240227,-0.02158283954100826,-0.004317743604213664,-0.008634017588412313,-0.03165561512415349
000703.SZ,20240228,0.017645945548108832,0.013234459161081569,-0.005883483887635488,-0.01029497027466264
000703.SZ,20240311,-0.0014704954623423472,-0.014706456661689904,-0.014706456661689904,-0.007353979349977835
000703.SZ,20240313,0.0,0.004477332077180263,0.007462220128633845,0.0014924440257266802
000703.SZ,20240320,-0.007451099779283044,-0.03725702108227402,-0.0402389831798462,-0.04619986300327261
000703.SZ,20240514,-0.010513162592307279,-0.01839702791430564,-0.0013139775536663567,-0.017083050360639174
000703.SZ,20240619,-0.004231049594182301,-0.005641399458909624,-0.018334548241456528,0.02291566424741487
000703.SZ,20240619,-0.004231049594182301,-0.005641399458909624,-0.018334548241456528,0.02291566424741487
000703.SZ,20240731,-0.017028231055722265,-0.02631578947368418,-0.02476890369348239,-0.009289119352149822
000703.SZ,20240801,-0.009448448787025554,-0.007874765972245235,0.003148953604146687,0.01889689757405133
000703.SZ,20240913,-0.007273053949302999,0.009091775783865552,0.0,0.052726432701792
000703.SZ,20250113,0.03156076896920812,0.01827114254941753,0.016611195513620336,0.0049831911518625205
000703.SZ,20250122,0.0016599470357969714,0.01827114254941753,0.01827114254941753,0.009966382303725041
000703.SZ,20250305,0.019833928351183916,0.019833928351183916,0.026445793373801152,0.014875446263387992
000703.SZ,20250612,0.00660096210645067,-0.00329964906909308,-0.004950305587771875,-0.004950305587771875
000703.SZ,20251215,-0.08019441069258815,-0.06318347509113009,-0.04252733900364525,0.06804374240583222
000703.SZ,20251215,-0.08019441069258815,-0.06318347509113009,-0.04252733900364525,0.06804374240583222
000703.SZ,20251215,-0.08019441069258815,-0.06318347509113009,-0.04252733900364525,0.06804374240583222
000703.SZ,20251215,-0.08019441069258815,-0.06318347509113009,-0.04252733900364525,0.06804374240583222
000703.SZ,20251215,-0.08019441069258815,-0.06318347509113009,-0.04252733900364525,0.06804374240583222
000707.SZ,20240320,0.002801622765757239,0.040616180620884235,0.002801622765757239,-0.044818614769520315
000712.SZ,20251020,0.006574141709276837,-0.007304601899196461,0.0014609203798394699,0.011687363038714427
000718.SZ,20240306,-0.01333345995688473,-0.01777794660917964,-0.00444448665229491,0.0
000718.SZ,20240306,-0.01333345995688473,-0.01777794660917964,-0.00444448665229491,0.0
000718.SZ,20240307,-0.0045045478608209955,0.009009095721641991,0.04054093074738918,0.0045045478608209955
000718.SZ,20240307,-0.0045045478608209955,0.009009095721641991,0.04054093074738918,0.0045045478608209955
000718.SZ,20240311,0.03125029809884472,0.0044643282998348965,-0.0044643282998350076,-0.008928656599670015
000718.SZ,20240311,0.03125029809884472,0.0044643282998348965,-0.0044643282998350076,-0.008928656599670015
000718.SZ,20240312,-0.025974266236228782,-0.034632354981638525,-0.034632354981638525,-0.04761948809975303
000718.SZ,20240312,-0.025974266236228782,-0.034632354981638525,-0.034632354981638525,-0.04761948809975303
000718.SZ,20240313,-0.00888897330458982,-0.00888897330458982,-0.01333345995688473,-0.02222243326147455
000718.SZ,20240313,-0.00888897330458982,-0.00888897330458982,-0.01333345995688473,-0.02222243326147455
000718.SZ,20240314,0.0,-0.004484347901076102,-0.013453043703228196,-0.008968695802152093
000718.SZ,20240314,0.0,-0.004484347901076102,-0.013453043703228196,-0.008968695802152093
000718.SZ,20240315,-0.004484347901076102,-0.013453043703228196,-0.013453043703228196,-0.04035913110968459
000718.SZ,20240315,-0.004484347901076102,-0.013453043703228196,-0.013453043703228196,-0.04035913110968459
000718.SZ,20240318,-0.009009095721642102,-0.009009095721642102,-0.0045045478608209955,-0.04955002646903128
000718.SZ,20240318,-0.009009095721642102,-0.009009095721642102,-0.0045045478608209955,-0.04955002646903128
000718.SZ,20240321,-0.03167451439179336,-0.045249306273990375,-0.03167451439179336,-0.054299167528788383
000718.SZ,20240322,-0.014018831564337808,0.0,-0.014018831564337808,-0.03271060698345485
000718.SZ,20240325,0.014218153462890015,0.0,-0.0094787689752599,0.0
000718.SZ,20240327,-0.0094787689752599,-0.01895753795052002,0.0,-0.004739384487629894
000718.SZ,20240422,-0.010582130218991348,-0.03174639065697393,-0.010582130218991348,0.08994810686142607
000718.SZ,20240423,-0.021390618751071178,0.0,0.03208592812660682,0.10160543906758845
000718.SZ,20240703,-0.04444497204382758,-0.04444497204382758,-0.07221714407815849,-0.088884008594594
000718.SZ,20240710,0.036585604190146226,0.04877429105620101,0.006097600698357741,0.012195201396715483
000718.SZ,20240711,0.011758495214273523,-0.029411949547194394,-0.029411949547194394,-0.023529559637755493
000718.SZ,20240712,-0.04069196844524514,-0.04069196844524514,-0.03487794272936218,-0.05232001987701096
000718.SZ,20241015,0.031819643877310844,-0.013634246923893034,0.0,-0.009092698476709016
000718.SZ,20241121,-0.03571293855329283,-0.04385637707096057,-0.04385637707096057,-0.015373202513024098
000718.SZ,20241121,-0.03571293855329283,-0.04385637707096057,-0.04385637707096057,-0.015373202513024098
000718.SZ,20241129,0.03688521129733613,0.04508380124118716,0.028690843078481798,0.09836197070122843
000718.SZ,20241129,0.03688521129733613,0.04508380124118716,0.028690843078481798,0.09836197070122843
000718.SZ,20250122,-0.008808033870770005,-0.022026891503718615,-0.017620605626069152,-0.008808033870770005
000718.SZ,20250123,-0.013336324430241797,-0.008890882953494605,-0.004445441476747303,0.02221805096462881
000718.SZ,20250716,-0.013156349113121024,-0.026317216203272653,-0.00877391139343442,-0.004386955696717321
000718.SZ,20250717,-0.013336324430241797,0.004440863267193507,0.017777187697435304,0.02221805096462881
000718.SZ,20250721,0.013277361483345018,0.004425787161114858,0.01769859067622015,0.01319076008678377
000718.SZ,20250722,-0.008735588752592172,0.004363296132860128,-0.00897399565469692,0.00880306240413109
000718.SZ,20250723,0.0132143197484198,-0.00024050788003648904,0.008726351949248423,0.008726351949248423
000718.SZ,20260316,0.0,-0.02183406113537112,-0.048034934497816484,-0.1266375545851528
000720.SZ,20251027,0.0,-0.011560693641618491,-0.017341040462427793,0.011560693641618602
000723.SZ,20240401,-0.001519756838905706,0.0075987841945288626,-0.00911854103343468,-0.03039513677811556
000723.SZ,20240401,-0.001519756838905706,0.0075987841945288626,-0.00911854103343468,-0.03039513677811556
000723.SZ,20250402,0.0,-0.09955752212389368,-0.09070796460176977,-0.06194690265486713
000723.SZ,20250512,-0.0023419203747072626,0.0,-0.007025761124121677,0.004683840749414525
000723.SZ,20250905,0.012552301255229992,0.010460251046024993,0.0,0.006276150627614996
000725.SZ,20240815,0.002640038264522193,0.005277404425537702,0.002640038264522193,0.01583221327661355
000725.SZ,20250910,0.019607843137254832,0.022058823529411686,0.019607843137254832,0.019607843137254832
000738.SZ,20251212,0.0005125576627369455,0.009738595592003962,-0.005125576627370676,0.06663249615581734
000738.SZ,20251212,0.0005125576627369455,0.009738595592003962,-0.005125576627370676,0.06663249615581734
000750.SZ,20240816,-0.003298916643803884,-0.013199012332461235,-0.023099108021118364,-0.036301466110824854
000755.SZ,20240506,-0.006329043795830658,-0.025316175183322853,-0.02109681265276908,-0.01054840632638454
000767.SZ,20240109,-0.00340136054421758,0.003401360544217802,0.013605442176870763,-0.00340136054421758
000767.SZ,20250925,-0.01384083044982698,-0.01730103806228378,-0.01730103806228378,0.01038062283737018
000767.SZ,20251009,0.0034364261168384758,-0.003436426116838587,-0.003436426116838587,0.0034364261168384758
000767.SZ,20251208,-0.0034843205574913716,0.0,-0.013937282229965153,0.0034843205574912606
000767.SZ,20251230,-0.003558718861210064,0.0,0.014234875444839812,0.014234875444839812
000776.SZ,20250618,-0.021022281766489015,-0.01921948990868727,-0.010810577202091776,0.042643436170672455
000779.SZ,20240531,-0.012723407298567802,-0.029261886341028887,-0.0483463471403216,-0.06361313560148496
000779.SZ,20240531,-0.012723407298567802,-0.029261886341028887,-0.0483463471403216,-0.06361313560148496
000779.SZ,20240603,-0.016751616684446913,-0.036082026156703084,-0.08505143097975687,-0.059277990701594896
000779.SZ,20240708,0.012158791203670694,-0.004558770079557184,0.027355726964620297,0.01367786348231026
000782.SZ,20251120,-0.08014571948998184,-0.051001821493624866,-0.05828779599271405,-0.03642987249544627
000782.SZ,20251202,-0.022346368715083775,-0.03724394785847307,-0.014897579143389184,-0.020484171322160183
000782.SZ,20251204,0.023210831721470093,0.030947775628626717,0.01740812379110257,-0.007736943907156735
000783.SZ,20240905,0.006160966267974688,0.032854287058191156,0.008214621690632917,0.008214621690632917
000785.SZ,20240419,-0.026755427990716396,-0.04347885795899309,-0.03344342667234301,0.02006742930908989
000786.SZ,20250521,-0.017185174686415006,-0.023368294238537368,-0.020618666288711007,-0.023024590744809115
000786.SZ,20250521,-0.017185174686415006,-0.023368294238537368,-0.020618666288711007,-0.023024590744809115
000786.SZ,20250929,-0.0174418604651162,-0.005398671096345509,0.020764119601328845,0.013704318936877069
000786.SZ,20250929,-0.0174418604651162,-0.005398671096345509,0.020764119601328845,0.013704318936877069
000792.SZ,20240507,-0.006589785831960571,-0.0032948929159803964,-0.0038440417353102774,-0.006589785831960571
000792.SZ,20240507,-0.006589785831960571,-0.0032948929159803964,-0.0038440417353102774,-0.006589785831960571
000792.SZ,20240507,-0.006589785831960571,-0.0032948929159803964,-0.0038440417353102774,-0.006589785831960571
000792.SZ,20240507,-0.006589785831960571,-0.0032948929159803964,-0.0038440417353102774,-0.006589785831960571
000792.SZ,20240507,-0.006589785831960571,-0.0032948929159803964,-0.0038440417353102774,-0.006589785831960571
000792.SZ,20241209,0.001136363636363713,-0.005113636363636376,-0.007386363636363802,-0.06022727272727291
000792.SZ,20241211,-0.0022844089091949016,-0.04283266704740152,-0.0553969160479727,-0.05197030268418046
000792.SZ,20241217,0.004234724742891771,0.02177858439201441,0.00907441016333932,0.018753781004234638
000792.SZ,20241224,-0.02315914489311166,-0.02197149643705465,-0.026128266033254244,-0.0225653206650831
000792.SZ,20250725,-0.005319148936170248,-0.01010638297872346,-0.005319148936170248,-0.0430851063829788
000792.SZ,20250729,0.004836109618484574,-0.03116603976356791,-0.03331542181622793,-0.017195056421278943
000792.SZ,20250801,0.0077821011673151474,0.016675931072818173,0.0127848804891606,0.041689827682045655
000792.SZ,20250804,0.008825151682294585,0.004964147821290732,0.01930501930501949,0.09542195256480968
000792.SZ,20250806,0.014270032930845389,0.028540065861690334,0.09001097694840832,0.05982436882546649
000793.SZ,20240403,-0.04320987654320996,-0.024691358024691357,-0.06790123456790131,-0.09876543209876554
000796.SZ,20240124,0.011364572415418994,0.01988587140223652,0.005680865991211759,-0.05966045463970526
000796.SZ,20240219,0.049181940069037644,0.05246008044556483,0.07541034122163182,0.06885406046857723
000796.SZ,20240220,0.003124472745224205,0.02499890643453906,0.02499890643453906,0.040624394633405725
000796.SZ,20240222,0.0,-0.006096538690158693,0.015244394994741839,-0.003048269345079291
000796.SZ,20240223,-0.006096538690158693,0.015244394994741839,-0.027440520644404165,-0.006096538690158693
000796.SZ,20240226,0.02147183757341553,-0.021474904540644935,0.0030669672294552086,-0.012270935885050016
000796.SZ,20240227,-0.04204398059185255,-0.018017990968485775,-0.021020489046887136,-0.0330334838585703
000796.SZ,20240229,-0.003057589702037955,-0.015291006099891424,-0.015291006099891424,0.003057589702037733
000796.SZ,20240229,-0.003057589702037955,-0.015291006099891424,-0.015291006099891424,0.003057589702037733
000796.SZ,20240301,-0.012270935885050016,-0.012270935885050016,0.006133934458910417,-0.0030700341966846123
000796.SZ,20240301,-0.012270935885050016,-0.012270935885050016,0.006133934458910417,-0.0030700341966846123
000796.SZ,20240304,0.0,0.01863352108652583,0.01863352108652583,0.012423382414129103
000796.SZ,20240305,0.01863352108652583,0.01863352108652583,0.009315208008594755,0.027948729095120584
000796.SZ,20240308,0.0030794883311695553,0.018461547927421273,0.0030794883311695553,0.0584641321134336
000796.SZ,20240308,0.0030794883311695553,0.018461547927421273,0.0030794883311695553,0.0584641321134336
000796.SZ,20240311,0.015334836147275821,0.0,0.02453880480287074,0.052144576835196466
000796.SZ,20240311,0.015334836147275821,0.0,0.02453880480287074,0.052144576835196466
000796.SZ,20240320,0.011765674578085417,-0.011765674578085417,-0.03529408305078274,-0.07941315720599784
000796.SZ,20240320,0.011765674578085417,-0.011765674578085417,-0.03529408305078274,-0.07941315720599784
000796.SZ,20240325,0.003048269345079291,-0.04573318498422507,-0.03658532867964204,-0.01829266433982102
000796.SZ,20240325,0.003048269345079291,-0.04573318498422507,-0.03658532867964204,-0.01829266433982102
000796.SZ,20240326,-0.048633207214599294,-0.0395131512968957,-0.018237072829770162,-0.018237072829770162
000796.SZ,20240326,-0.048633207214599294,-0.0395131512968957,-0.018237072829770162,-0.018237072829770162
000796.SZ,20240328,0.022151348033399465,0.018987321746669172,0.022151348033399465,0.06962123441321544
000796.SZ,20240328,0.022151348033399465,0.018987321746669172,0.022151348033399465,0.06962123441321544
000796.SZ,20240329,-0.0030954577253338167,0.0,0.0495366099785175,0.06191844087985299
000796.SZ,20240329,-0.0030954577253338167,0.0,0.0495366099785175,0.06191844087985299
000796.SZ,20240401,0.0031050693361982518,0.05279549392337923,0.04969042458718098,0.04037211150924991
000796.SZ,20240401,0.0031050693361982518,0.05279549392337923,0.04969042458718098,0.04037211150924991
000796.SZ,20240402,0.0495366099785175,0.04644115225318379,0.06191844087985299,0.04644115225318379
000796.SZ,20240402,0.0495366099785175,0.04644115225318379,0.06191844087985299,0.04644115225318379
000796.SZ,20240422,0.01700736952004589,0.068029478080184,0.08163265306122458,0.09864002258127047
000796.SZ,20240422,0.01700736952004589,0.068029478080184,0.08163265306122458,0.09864002258127047
000796.SZ,20240423,0.05016886808226051,0.06354455776625989,0.08026751379367991,0.06688848018725957
000796.SZ,20240423,0.05016886808226051,0.06354455776625989,0.08026751379367991,0.06688848018725957
000796.SZ,20240430,0.0031374097720442418,0.012540236261686877,-0.006268550993095201,-0.003134275496547545
000796.SZ,20240430,0.0031374097720442418,0.012540236261686877,-0.006268550993095201,-0.003134275496547545
000796.SZ,20241008,-0.01671309192200554,0.03342618384401108,0.06685236768802238,0.09470752089136503
000796.SZ,20250108,-0.015873015873015817,-0.042328042328042215,-0.026455026455026398,0.031746031746031855
000796.SZ,20250113,0.04347826086956519,0.059782608695652106,0.057065217391304435,0.05434782608695654
000796.SZ,20250124,-0.019283746556473802,-0.024793388429751984,-0.011019283746556474,0.04683195592286493
000800.SZ,20241024,0.029516166049690318,0.04722515218288326,0.02243233376420606,0.016529338386474857
000800.SZ,20250421,-0.02170921271475179,-0.01628225119820914,-0.024423376797313656,-0.025779092190013286
000800.SZ,20250421,-0.02170921271475179,-0.01628225119820914,-0.024423376797313656,-0.025779092190013286
000800.SZ,20250421,-0.02170921271475179,-0.01628225119820914,-0.024423376797313656,-0.025779092190013286
000802.SZ,20240115,0.006079027355623046,-0.015197568389057725,-0.001519756838905706,-0.08510638297872353
000807.SZ,20250617,0.011623822872555367,-0.01550726654605461,-0.016799538758225818,0.008396455860620211
000810.SZ,20250710,0.0035149384885764245,-0.008787346221441283,-0.011423550087873546,0.009666080843585112
000810.SZ,20250711,-0.012259194395796924,-0.01488616462346759,-0.012259194395796924,0.003502626970227851
000810.SZ,20250711,-0.012259194395796924,-0.01488616462346759,-0.012259194395796924,0.003502626970227851
000810.SZ,20250714,-0.0026595744680850686,0.0,0.018617021276595924,0.027482269503546153
000810.SZ,20250714,-0.0026595744680850686,0.0,0.018617021276595924,0.027482269503546153
000810.SZ,20250715,0.002666666666666595,0.021333333333333426,0.01866666666666683,0.02488888888888874
000810.SZ,20250715,0.002666666666666595,0.021333333333333426,0.01866666666666683,0.02488888888888874
000810.SZ,20250715,0.002666666666666595,0.021333333333333426,0.01866666666666683,0.02488888888888874
000810.SZ,20250716,0.018617021276595924,0.015957446808510856,0.027482269503546153,0.015957446808510856
000810.SZ,20250716,0.018617021276595924,0.015957446808510856,0.027482269503546153,0.015957446808510856
000810.SZ,20250718,0.011343804537521818,0.006108202443280808,0.0,0.018324607329842868
000810.SZ,20250718,0.011343804537521818,0.006108202443280808,0.0,0.018324607329842868
000810.SZ,20250721,-0.0051768766177739955,-0.011216566005176842,0.0025884383088869978,0.007765314926660993
000810.SZ,20250722,-0.00607111882046818,0.007805724197744945,0.012142237640936804,0.015611448395490113
000810.SZ,20250724,0.004302925989672968,0.005163511187607606,0.0077452667814115195,-0.015490533562822706
000810.SZ,20250725,0.0008568980291345785,0.003427592116538314,-0.005998286203941716,-0.011996572407883543
000810.SZ,20251112,0.0007974481658692412,-0.027113237639553422,-0.01754385964912275,-0.04226475279106856
000810.SZ,20251113,-0.02788844621513953,-0.018326693227091684,-0.02390438247011961,-0.050996015936255024
000812.SZ,20260209,0.00222717149220486,-0.00222717149220486,-0.024498886414254017,-0.013363028953229494
000818.SZ,20240112,-0.010415652004508669,-0.014235420174498747,-0.05382115970666412,-0.06041704354118249
000818.SZ,20240308,0.0,0.000669052955541316,0.0183655036296122,-0.00333857424815176
000818.SZ,20240312,0.017684618727643597,-0.012345802828201746,-0.004004947681610083,0.05205094774847052
000818.SZ,20240314,0.008445116894634008,0.0581071429780291,0.06520171813279974,0.08107989182126807
000818.SZ,20240314,0.008445116894634008,0.0581071429780291,0.06520171813279974,0.08107989182126807
000818.SZ,20240322,-0.05471085808251952,-0.06900911899541562,-0.1134611072353997,-0.07211730117600168
000818.SZ,20240409,-0.02209479194189945,-0.043479037084115824,-0.03563802817907202,-0.09907307563217238
000819.SZ,20251215,-0.032015065913371,-0.016949152542372836,-0.011299435028248594,0.064030131826742
000819.SZ,20260210,0.009085402786190189,-0.0006056935190794643,-0.017565112053301246,0.009085402786190189
000825.SZ,20240122,0.011695906432748648,0.03801169590643272,0.08187134502923987,0.10526315789473673
000825.SZ,20240122,0.011695906432748648,0.03801169590643272,0.08187134502923987,0.10526315789473673
000829.SZ,20250707,0.009842519685039353,0.0009842519685039353,0.0059055118110236116,0.004921259842519676
000829.SZ,20250708,-0.00877192982456143,-0.0038986354775827348,0.006822612085769952,-0.031189083820662766
000829.SZ,20250709,0.004916420845624492,0.015732546705998107,0.003933136676499638,-0.01868239921337267
000829.SZ,20250710,0.010763209393346296,-0.0009784735812132794,-0.027397260273972712,-0.011741682974559797
000848.SZ,20240827,-0.05740989635297722,-0.03471254511022981,-0.02937215355480982,-0.05874568137404457
000851.SZ,20240731,0.050000000000000044,0.1045454545454545,0.05454545454545445,0.06363636363636349
000851.SZ,20240731,0.050000000000000044,0.1045454545454545,0.05454545454545445,0.06363636363636349
000851.SZ,20250722,-0.011538461538461608,-0.06153846153846154,-0.08846153846153848,-0.17692307692307685
000851.SZ,20250722,-0.011538461538461608,-0.06153846153846154,-0.08846153846153848,-0.17692307692307685
000851.SZ,20250811,-0.04761904761904767,-0.09523809523809534,-0.13809523809523816,-0.2238095238095239
000851.SZ,20250811,-0.04761904761904767,-0.09523809523809534,-0.13809523809523816,-0.2238095238095239
000851.SZ,20250811,-0.04761904761904767,-0.09523809523809534,-0.13809523809523816,-0.2238095238095239
000851.SZ,20250811,-0.04761904761904767,-0.09523809523809534,-0.13809523809523816,-0.2238095238095239
000851.SZ,20250811,-0.04761904761904767,-0.09523809523809534,-0.13809523809523816,-0.2238095238095239
000851.SZ,20250811,-0.04761904761904767,-0.09523809523809534,-0.13809523809523816,-0.2238095238095239
000851.SZ,20250812,-0.050000000000000044,-0.09499999999999997,-0.14,-0.22499999999999998
000851.SZ,20250812,-0.050000000000000044,-0.09499999999999997,-0.14,-0.22499999999999998
000851.SZ,20250812,-0.050000000000000044,-0.09499999999999997,-0.14,-0.22499999999999998
000851.SZ,20250812,-0.050000000000000044,-0.09499999999999997,-0.14,-0.22499999999999998
000851.SZ,20250812,-0.050000000000000044,-0.09499999999999997,-0.14,-0.22499999999999998
000851.SZ,20250812,-0.050000000000000044,-0.09499999999999997,-0.14,-0.22499999999999998
000851.SZ,20250813,-0.047368421052631504,-0.09473684210526312,-0.14210526315789473,-0.22631578947368414
000851.SZ,20250813,-0.047368421052631504,-0.09473684210526312,-0.14210526315789473,-0.22631578947368414
000851.SZ,20250813,-0.047368421052631504,-0.09473684210526312,-0.14210526315789473,-0.22631578947368414
000851.SZ,20250813,-0.047368421052631504,-0.09473684210526312,-0.14210526315789473,-0.22631578947368414
000851.SZ,20250813,-0.047368421052631504,-0.09473684210526312,-0.14210526315789473,-0.22631578947368414
000851.SZ,20250813,-0.047368421052631504,-0.09473684210526312,-0.14210526315789473,-0.22631578947368414
000851.SZ,20250814,-0.04972375690607744,-0.09944751381215478,-0.14364640883977897,-0.22651933701657467
000851.SZ,20250814,-0.04972375690607744,-0.09944751381215478,-0.14364640883977897,-0.22651933701657467
000851.SZ,20250814,-0.04972375690607744,-0.09944751381215478,-0.14364640883977897,-0.22651933701657467
000851.SZ,20250814,-0.04972375690607744,-0.09944751381215478,-0.14364640883977897,-0.22651933701657467
000851.SZ,20250814,-0.04972375690607744,-0.09944751381215478,-0.14364640883977897,-0.22651933701657467
000851.SZ,20250814,-0.04972375690607744,-0.09944751381215478,-0.14364640883977897,-0.22651933701657467
000851.SZ,20250814,-0.04972375690607744,-0.09944751381215478,-0.14364640883977897,-0.22651933701657467
000851.SZ,20250815,-0.05232558139534893,-0.09883720930232553,-0.14534883720930236,-0.2267441860465116
000851.SZ,20250815,-0.05232558139534893,-0.09883720930232553,-0.14534883720930236,-0.2267441860465116
000851.SZ,20250815,-0.05232558139534893,-0.09883720930232553,-0.14534883720930236,-0.2267441860465116
000851.SZ,20250815,-0.05232558139534893,-0.09883720930232553,-0.14534883720930236,-0.2267441860465116
000851.SZ,20250815,-0.05232558139534893,-0.09883720930232553,-0.14534883720930236,-0.2267441860465116
000851.SZ,20250818,-0.04907975460122693,-0.09815950920245398,-0.14110429447852757,-0.22699386503067476
000851.SZ,20250818,-0.04907975460122693,-0.09815950920245398,-0.14110429447852757,-0.22699386503067476
000851.SZ,20250818,-0.04907975460122693,-0.09815950920245398,-0.14110429447852757,-0.22699386503067476
000851.SZ,20250818,-0.04907975460122693,-0.09815950920245398,-0.14110429447852757,-0.22699386503067476
000851.SZ,20250819,-0.05161290322580647,-0.09677419354838723,-0.14193548387096777,-0.22580645161290325
000851.SZ,20250819,-0.05161290322580647,-0.09677419354838723,-0.14193548387096777,-0.22580645161290325
000851.SZ,20250819,-0.05161290322580647,-0.09677419354838723,-0.14193548387096777,-0.22580645161290325
000851.SZ,20250819,-0.05161290322580647,-0.09677419354838723,-0.14193548387096777,-0.22580645161290325
000851.SZ,20250820,-0.04761904761904767,-0.09523809523809512,-0.1428571428571428,-0.22448979591836737
000851.SZ,20250820,-0.04761904761904767,-0.09523809523809512,-0.1428571428571428,-0.22448979591836737
000851.SZ,20250820,-0.04761904761904767,-0.09523809523809512,-0.1428571428571428,-0.22448979591836737
000851.SZ,20250820,-0.04761904761904767,-0.09523809523809512,-0.1428571428571428,-0.22448979591836737
000851.SZ,20250821,-0.04999999999999993,-0.09999999999999998,-0.1428571428571428,-0.22857142857142843
000851.SZ,20250821,-0.04999999999999993,-0.09999999999999998,-0.1428571428571428,-0.22857142857142843
000851.SZ,20250821,-0.04999999999999993,-0.09999999999999998,-0.1428571428571428,-0.22857142857142843
000851.SZ,20250822,-0.052631578947368474,-0.09774436090225569,-0.14285714285714302,-0.22556390977443608
000851.SZ,20250822,-0.052631578947368474,-0.09774436090225569,-0.14285714285714302,-0.22556390977443608
000851.SZ,20250822,-0.052631578947368474,-0.09774436090225569,-0.14285714285714302,-0.22556390977443608
000851.SZ,20250825,-0.04761904761904767,-0.09523809523809534,-0.1428571428571428,-0.2222222222222222
000851.SZ,20250825,-0.04761904761904767,-0.09523809523809534,-0.1428571428571428,-0.2222222222222222
000851.SZ,20250825,-0.04761904761904767,-0.09523809523809534,-0.1428571428571428,-0.2222222222222222
000851.SZ,20250825,-0.04761904761904767,-0.09523809523809534,-0.1428571428571428,-0.2222222222222222
000851.SZ,20250825,-0.04761904761904767,-0.09523809523809534,-0.1428571428571428,-0.2222222222222222
000851.SZ,20250826,-0.050000000000000044,-0.09999999999999987,-0.1416666666666666,-0.22499999999999998
000851.SZ,20250827,-0.05263157894736825,-0.0964912280701753,-0.14035087719298245,-0.22807017543859642
000851.SZ,20250827,-0.05263157894736825,-0.0964912280701753,-0.14035087719298245,-0.22807017543859642
000851.SZ,20250827,-0.05263157894736825,-0.0964912280701753,-0.14035087719298245,-0.22807017543859642
000851.SZ,20250827,-0.05263157894736825,-0.0964912280701753,-0.14035087719298245,-0.22807017543859642
000851.SZ,20250828,-0.04629629629629628,-0.09259259259259267,-0.13888888888888895,-0.22222222222222232
000851.SZ,20250828,-0.04629629629629628,-0.09259259259259267,-0.13888888888888895,-0.22222222222222232
000851.SZ,20250829,-0.04854368932038844,-0.09708737864077666,-0.1456310679611651,-0.22330097087378642
000851.SZ,20250829,-0.04854368932038844,-0.09708737864077666,-0.1456310679611651,-0.22330097087378642
000851.SZ,20250829,-0.04854368932038844,-0.09708737864077666,-0.1456310679611651,-0.22330097087378642
000851.SZ,20250901,-0.05102040816326525,-0.10204081632653061,-0.1428571428571429,-0.22448979591836737
000851.SZ,20250901,-0.05102040816326525,-0.10204081632653061,-0.1428571428571429,-0.22448979591836737
000851.SZ,20250901,-0.05102040816326525,-0.10204081632653061,-0.1428571428571429,-0.22448979591836737
000851.SZ,20250902,-0.05376344086021512,-0.09677419354838723,-0.13978494623655913,-0.22580645161290325
000851.SZ,20250902,-0.05376344086021512,-0.09677419354838723,-0.13978494623655913,-0.22580645161290325
000851.SZ,20250902,-0.05376344086021512,-0.09677419354838723,-0.13978494623655913,-0.22580645161290325
000851.SZ,20250902,-0.05376344086021512,-0.09677419354838723,-0.13978494623655913,-0.22580645161290325
000851.SZ,20250903,-0.045454545454545525,-0.09090909090909083,-0.13636363636363635,-0.22727272727272718
000851.SZ,20250903,-0.045454545454545525,-0.09090909090909083,-0.13636363636363635,-0.22727272727272718
000851.SZ,20250903,-0.045454545454545525,-0.09090909090909083,-0.13636363636363635,-0.22727272727272718
000851.SZ,20250903,-0.045454545454545525,-0.09090909090909083,-0.13636363636363635,-0.22727272727272718
000851.SZ,20250903,-0.045454545454545525,-0.09090909090909083,-0.13636363636363635,-0.22727272727272718
000851.SZ,20250904,-0.04761904761904756,-0.09523809523809523,-0.1428571428571429,-0.2142857142857142
000851.SZ,20250904,-0.04761904761904756,-0.09523809523809523,-0.1428571428571429,-0.2142857142857142
000851.SZ,20250904,-0.04761904761904756,-0.09523809523809523,-0.1428571428571429,-0.2142857142857142
000851.SZ,20250904,-0.04761904761904756,-0.09523809523809523,-0.1428571428571429,-0.2142857142857142
000851.SZ,20250904,-0.04761904761904756,-0.09523809523809523,-0.1428571428571429,-0.2142857142857142
000851.SZ,20250904,-0.04761904761904756,-0.09523809523809523,-0.1428571428571429,-0.2142857142857142
000851.SZ,20250904,-0.04761904761904756,-0.09523809523809523,-0.1428571428571429,-0.2142857142857142
000851.SZ,20250904,-0.04761904761904756,-0.09523809523809523,-0.1428571428571429,-0.2142857142857142
000851.SZ,20250904,-0.04761904761904756,-0.09523809523809523,-0.1428571428571429,-0.2142857142857142
000851.SZ,20250905,-0.050000000000000044,-0.10000000000000009,-0.15000000000000002,-0.21250000000000002
000851.SZ,20250905,-0.050000000000000044,-0.10000000000000009,-0.15000000000000002,-0.21250000000000002
000851.SZ,20250905,-0.050000000000000044,-0.10000000000000009,-0.15000000000000002,-0.21250000000000002
000851.SZ,20250905,-0.050000000000000044,-0.10000000000000009,-0.15000000000000002,-0.21250000000000002
000851.SZ,20250905,-0.050000000000000044,-0.10000000000000009,-0.15000000000000002,-0.21250000000000002
000851.SZ,20250905,-0.050000000000000044,-0.10000000000000009,-0.15000000000000002,-0.21250000000000002
000851.SZ,20250905,-0.050000000000000044,-0.10000000000000009,-0.15000000000000002,-0.21250000000000002
000851.SZ,20250908,-0.052631578947368474,-0.10526315789473684,-0.13157894736842102,-0.21052631578947367
000851.SZ,20250908,-0.052631578947368474,-0.10526315789473684,-0.13157894736842102,-0.21052631578947367
000851.SZ,20250908,-0.052631578947368474,-0.10526315789473684,-0.13157894736842102,-0.21052631578947367
000851.SZ,20250908,-0.052631578947368474,-0.10526315789473684,-0.13157894736842102,-0.21052631578947367
000851.SZ,20250908,-0.052631578947368474,-0.10526315789473684,-0.13157894736842102,-0.21052631578947367
000851.SZ,20250908,-0.052631578947368474,-0.10526315789473684,-0.13157894736842102,-0.21052631578947367
000851.SZ,20250908,-0.052631578947368474,-0.10526315789473684,-0.13157894736842102,-0.21052631578947367
000851.SZ,20250908,-0.052631578947368474,-0.10526315789473684,-0.13157894736842102,-0.21052631578947367
000851.SZ,20250908,-0.052631578947368474,-0.10526315789473684,-0.13157894736842102,-0.21052631578947367
000851.SZ,20250908,-0.052631578947368474,-0.10526315789473684,-0.13157894736842102,-0.21052631578947367
000851.SZ,20250909,-0.05555555555555547,-0.08333333333333326,-0.125,-0.20833333333333337
000851.SZ,20250909,-0.05555555555555547,-0.08333333333333326,-0.125,-0.20833333333333337
000851.SZ,20250909,-0.05555555555555547,-0.08333333333333326,-0.125,-0.20833333333333337
000851.SZ,20250909,-0.05555555555555547,-0.08333333333333326,-0.125,-0.20833333333333337
000851.SZ,20250909,-0.05555555555555547,-0.08333333333333326,-0.125,-0.20833333333333337
000851.SZ,20250909,-0.05555555555555547,-0.08333333333333326,-0.125,-0.20833333333333337
000851.SZ,20250909,-0.05555555555555547,-0.08333333333333326,-0.125,-0.20833333333333337
000851.SZ,20250909,-0.05555555555555547,-0.08333333333333326,-0.125,-0.20833333333333337
000851.SZ,20250909,-0.05555555555555547,-0.08333333333333326,-0.125,-0.20833333333333337
000851.SZ,20250916,-0.05263157894736825,-0.10526315789473673,-0.1578947368421052,-0.22807017543859642
000851.SZ,20250916,-0.05263157894736825,-0.10526315789473673,-0.1578947368421052,-0.22807017543859642
000851.SZ,20250916,-0.05263157894736825,-0.10526315789473673,-0.1578947368421052,-0.22807017543859642
000851.SZ,20250916,-0.05263157894736825,-0.10526315789473673,-0.1578947368421052,-0.22807017543859642
000851.SZ,20250916,-0.05263157894736825,-0.10526315789473673,-0.1578947368421052,-0.22807017543859642
000851.SZ,20250918,-0.05882352941176472,-0.0980392156862745,-0.13725490196078427,-0.21568627450980393
000851.SZ,20250918,-0.05882352941176472,-0.0980392156862745,-0.13725490196078427,-0.21568627450980393
000851.SZ,20250918,-0.05882352941176472,-0.0980392156862745,-0.13725490196078427,-0.21568627450980393
000851.SZ,20250918,-0.05882352941176472,-0.0980392156862745,-0.13725490196078427,-0.21568627450980393
000851.SZ,20250918,-0.05882352941176472,-0.0980392156862745,-0.13725490196078427,-0.21568627450980393
000851.SZ,20250918,-0.05882352941176472,-0.0980392156862745,-0.13725490196078427,-0.21568627450980393
000851.SZ,20250918,-0.05882352941176472,-0.0980392156862745,-0.13725490196078427,-0.21568627450980393
000851.SZ,20250918,-0.05882352941176472,-0.0980392156862745,-0.13725490196078427,-0.21568627450980393
000851.SZ,20250918,-0.05882352941176472,-0.0980392156862745,-0.13725490196078427,-0.21568627450980393
000851.SZ,20250918,-0.05882352941176472,-0.0980392156862745,-0.13725490196078427,-0.21568627450980393
000851.SZ,20250918,-0.05882352941176472,-0.0980392156862745,-0.13725490196078427,-0.21568627450980393
000851.SZ,20250918,-0.05882352941176472,-0.0980392156862745,-0.13725490196078427,-0.21568627450980393
000851.SZ,20250918,-0.05882352941176472,-0.0980392156862745,-0.13725490196078427,-0.21568627450980393
000851.SZ,20250918,-0.05882352941176472,-0.0980392156862745,-0.13725490196078427,-0.21568627450980393
000851.SZ,20250918,-0.05882352941176472,-0.0980392156862745,-0.13725490196078427,-0.21568627450980393
000851.SZ,20250918,-0.05882352941176472,-0.0980392156862745,-0.13725490196078427,-0.21568627450980393
000851.SZ,20250918,-0.05882352941176472,-0.0980392156862745,-0.13725490196078427,-0.21568627450980393
000851.SZ,20250918,-0.05882352941176472,-0.0980392156862745,-0.13725490196078427,-0.21568627450980393
000851.SZ,20250918,-0.05882352941176472,-0.0980392156862745,-0.13725490196078427,-0.21568627450980393
000851.SZ,20250918,-0.05882352941176472,-0.0980392156862745,-0.13725490196078427,-0.21568627450980393
000851.SZ,20250919,-0.04166666666666663,-0.08333333333333326,-0.125,-0.20833333333333326
000851.SZ,20250919,-0.04166666666666663,-0.08333333333333326,-0.125,-0.20833333333333326
000851.SZ,20250922,-0.0434782608695653,-0.08695652173913049,-0.13043478260869568,
000851.SZ,20250922,-0.0434782608695653,-0.08695652173913049,-0.13043478260869568,
000851.SZ,20250922,-0.0434782608695653,-0.08695652173913049,-0.13043478260869568,
000851.SZ,20250923,-0.045454545454545525,-0.09090909090909083,-0.13636363636363635,
000851.SZ,20250923,-0.045454545454545525,-0.09090909090909083,-0.13636363636363635,
000858.SZ,20251224,0.012079062957540243,0.00457540263543188,-0.011163982430453911,-0.03056368960468525
000861.SZ,20240111,0.02020202020202011,0.12121212121212133,0.12121212121212133,0.08585858585858586
000877.SZ,20240411,-0.02794159490827408,-0.008823661549981376,-0.029412205166604366,-0.01029427180831155
000877.SZ,20241010,-0.03514938488576458,0.008787346221441172,-0.024604569420035194,-0.022847100175747093
000877.SZ,20241224,-0.012965964343598091,-0.06158833063209079,-0.050243111831442366,-0.08265802269043754
000881.SZ,20250813,-0.01992528019925266,-0.0062266500622664145,-0.001245330012453305,-0.011207970112079524
000882.SZ,20240320,0.0,-0.012987012987012991,-0.032467532467532534,-0.032467532467532534
000882.SZ,20240408,0.006666666666666599,0.0,0.0,-0.06000000000000005
000882.SZ,20240415,-0.07801418439716301,-0.028368794326240954,-0.049645390070921835,-0.06382978723404242
000882.SZ,20240415,-0.07801418439716301,-0.028368794326240954,-0.049645390070921835,-0.06382978723404242
000882.SZ,20240416,0.05384615384615388,0.030769230769230882,0.023076923076922995,0.023076923076922995
000885.SZ,20250912,-0.01715039577836408,-0.02506596306068609,-0.01912928759894461,-0.03298153034300788
000892.SZ,20260210,0.10033444816053505,-0.0022296544035675936,-0.10144927536231885,-0.17391304347826086
000892.SZ,20260210,0.10033444816053505,-0.0022296544035675936,-0.10144927536231885,-0.17391304347826086
000893.SZ,20240111,-0.026206322795341075,-0.012479201331114798,-0.022462562396006636,-0.052828618968385976
000893.SZ,20240115,-0.010109519797809496,-0.035383319292333626,-0.040859309182813774,-0.10994102780117943
000893.SZ,20240125,-0.015253476895468854,-0.005383580080753569,-0.043517272319425704,-0.08030506953790939
000893.SZ,20240129,-0.03834009923319803,-0.0654036986919262,-0.07532701849345969,-0.12088407758231856
000893.SZ,20240306,0.005491990846681727,0.0128146453089244,0.03478260869565197,0.016933638443935806
000893.SZ,20240315,-0.007117437722419906,0.00044483985765109146,0.007562277580070997,-0.04492882562277589
000893.SZ,20250311,0.024908125765618738,0.015924867292772538,0.07717435688035934,0.049816251531237254
000893.SZ,20250515,0.008909479686386224,-0.0028510334996435516,0.006058446186742783,0.03064861012116893
000895.SZ,20240408,-0.007106683617114307,-0.001496363295333647,0.005235187462226287,0.007106683617114307
000908.SZ,20240531,-0.050000000000000044,-0.09999999999999998,-0.1444444444444445,-0.22777777777777786
000908.SZ,20240607,-0.050359712230215736,-0.10071942446043158,-0.14388489208633093,-0.14388489208633093
000908.SZ,20240607,-0.050359712230215736,-0.10071942446043158,-0.14388489208633093,-0.14388489208633093
000908.SZ,20240612,-0.04800000000000004,0.0,-0.04800000000000004,-0.08800000000000008
000908.SZ,20240613,0.050420168067226934,0.0,0.0,-0.09243697478991586
000908.SZ,20240621,-0.04854368932038844,-0.09721359223300974,-0.1456310679611651,-0.22330097087378642
000908.SZ,20240621,-0.04854368932038844,-0.09721359223300974,-0.1456310679611651,-0.22330097087378642
000908.SZ,20240625,-0.053631152741781096,-0.09664791852624566,-0.13966468431071,-0.22569821587963912
000908.SZ,20240626,-0.045454545454545525,-0.09090909090909083,-0.13636363636363635,-0.13636363636363635
000908.SZ,20240702,0.05555555555555558,0.11111111111111116,0.16666666666666674,0.2777777777777779
000908.SZ,20240702,0.05555555555555558,0.11111111111111116,0.16666666666666674,0.2777777777777779
000908.SZ,20240702,0.05555555555555558,0.11111111111111116,0.16666666666666674,0.2777777777777779
000910.SZ,20241118,0.011873366989198386,0.013192629987998084,-0.0013192629987996973,-0.02374673397839655
000910.SZ,20241125,0.005405412897315109,0.029729770935233546,0.05810818864613809,0.15540562079781117
000910.SZ,20241127,0.0275590922122515,0.04855649580253818,0.12204740836854211,0.10105000477825521
000919.SZ,20240819,-0.021179078177475663,-0.02723133975551506,-0.03933432797332892,-0.05748804283091735
000923.SZ,20240531,-0.020354705774396464,0.003759503033740952,-0.024642541335068602,-0.015532976291773193
000923.SZ,20240531,-0.020354705774396464,0.003759503033740952,-0.024642541335068602,-0.015532976291773193
000923.SZ,20240531,-0.020354705774396464,0.003759503033740952,-0.024642541335068602,-0.015532976291773193
000923.SZ,20240531,-0.020354705774396464,0.003759503033740952,-0.024642541335068602,-0.015532976291773193
000923.SZ,20240531,-0.020354705774396464,0.003759503033740952,-0.024642541335068602,-0.015532976291773193
000923.SZ,20240531,-0.020354705774396464,0.003759503033740952,-0.024642541335068602,-0.015532976291773193
000923.SZ,20240531,-0.020354705774396464,0.003759503033740952,-0.024642541335068602,-0.015532976291773193
000923.SZ,20240531,-0.020354705774396464,0.003759503033740952,-0.024642541335068602,-0.015532976291773193
000923.SZ,20240531,-0.020354705774396464,0.003759503033740952,-0.024642541335068602,-0.015532976291773193
000923.SZ,20240531,-0.020354705774396464,0.003759503033740952,-0.024642541335068602,-0.015532976291773193
000923.SZ,20240531,-0.020354705774396464,0.003759503033740952,-0.024642541335068602,-0.015532976291773193
000925.SZ,20240410,0.0073207751926616105,-0.004392171815308821,-0.07027768204782259,-0.07174125048577862
000925.SZ,20240425,0.02003086657921127,0.09553206265915581,0.021572652210818832,0.024654680145072883
000935.SZ,20241211,0.0060606060606061,-0.036363636363636376,-0.054545454545454564,-0.06666666666666665
000935.SZ,20250701,0.008864265927977844,0.013850415512465464,0.03157894736842115,0.02160664819944591
000935.SZ,20260205,-0.017689530685920496,0.0,0.006498194945848468,0.04332129963898912
000955.SZ,20250620,0.020785219399538146,0.050808314087759765,0.06235565819861422,0.07390300230946889
000958.SZ,20240227,0.010100718063017045,0.02020143612603431,0.005049044860540253,-0.010100718063017156
000959.SZ,20241218,-0.006191738327420815,-0.02476695330968348,-0.030958691637104296,-0.030958691637104296
000959.SZ,20241226,0.0032050145257449536,-0.0032050145257448426,-0.022438326040904233,-0.05128345677260826
000959.SZ,20241226,0.0032050145257449536,-0.0032050145257448426,-0.022438326040904233,-0.05128345677260826
000961.SZ,20240424,-0.050000000000000044,-0.10000000000000009,-0.15000000000000002,-0.2250000000000001
000961.SZ,20240424,-0.050000000000000044,-0.10000000000000009,-0.15000000000000002,-0.2250000000000001
000961.SZ,20240424,-0.050000000000000044,-0.10000000000000009,-0.15000000000000002,-0.2250000000000001
000961.SZ,20240425,-0.052631578947368474,-0.10526315789473684,-0.14473684210526316,-0.22368421052631582
000961.SZ,20240426,-0.05555555555555547,-0.09722222222222221,-0.13888888888888884,-0.2222222222222221
000961.SZ,20240426,-0.05555555555555547,-0.09722222222222221,-0.13888888888888884,-0.2222222222222221
000961.SZ,20240426,-0.05555555555555547,-0.09722222222222221,-0.13888888888888884,-0.2222222222222221
000961.SZ,20240426,-0.05555555555555547,-0.09722222222222221,-0.13888888888888884,-0.2222222222222221
000961.SZ,20240426,-0.05555555555555547,-0.09722222222222221,-0.13888888888888884,-0.2222222222222221
000961.SZ,20240429,-0.044117647058823595,-0.08823529411764708,-0.13235294117647067,
000961.SZ,20240429,-0.044117647058823595,-0.08823529411764708,-0.13235294117647067,
000961.SZ,20240429,-0.044117647058823595,-0.08823529411764708,-0.13235294117647067,
000961.SZ,20240430,-0.04615384615384621,-0.09230769230769242,-0.1384615384615384,
000961.SZ,20240430,-0.04615384615384621,-0.09230769230769242,-0.1384615384615384,
000961.SZ,20240506,-0.048387096774193616,-0.09677419354838701,,
000961.SZ,20240506,-0.048387096774193616,-0.09677419354838701,,
000961.SZ,20240506,-0.048387096774193616,-0.09677419354838701,,
000961.SZ,20240506,-0.048387096774193616,-0.09677419354838701,,
000961.SZ,20240506,-0.048387096774193616,-0.09677419354838701,,
000961.SZ,20240506,-0.048387096774193616,-0.09677419354838701,,
000961.SZ,20240507,-0.05084745762711851,,,
000961.SZ,20240507,-0.05084745762711851,,,
000961.SZ,20240507,-0.05084745762711851,,,
000971.SZ,20240529,-0.04477611940298509,-0.08955223880597019,-0.1343283582089554,
000975.SZ,20240710,0.02430499573899625,-0.014700462952299875,0.02034917198332442,0.05426445862219853
000975.SZ,20240718,-0.027341445830511568,-0.02573569571581502,-0.08793393485242385,-0.10133703274856354
000975.SZ,20240724,-0.0261430558432717,-0.01801071291172196,-0.010458406084460137,0.03312124530200378
000975.SZ,20240805,-0.017537592901999077,-0.022060263870484542,-0.033369821973843417,-0.02093103646943595
000975.SZ,20240805,-0.017537592901999077,-0.022060263870484542,-0.033369821973843417,-0.02093103646943595
000975.SZ,20240826,-0.01390413465056728,-0.04055569325920949,-0.019115234351947064,-0.08168974186466493
000975.SZ,20240910,0.025049883876876677,0.02697981747407674,0.07257858755029267,0.03789211998299025
000975.SZ,20240910,0.025049883876876677,0.02697981747407674,0.07257858755029267,0.03789211998299025
000975.SZ,20240911,0.0018827704168900006,0.04636721043629222,0.01378570881519492,0.0438589773046385
000975.SZ,20240911,0.0018827704168900006,0.04636721043629222,0.01378570881519492,0.0438589773046385
000975.SZ,20250801,0.044975013881177084,0.028872848417545782,0.04330927262631867,0.05052748473070512
000975.SZ,20250805,0.01403130059363189,0.017269293038316258,0.021046950890448057,-0.0064759848893686245
000975.SZ,20250805,0.01403130059363189,0.017269293038316258,0.021046950890448057,-0.0064759848893686245
000975.SZ,20250806,0.0031931878658861823,0.006918573709419951,-0.01862692921766884,-0.018094731240021256
000976.SZ,20240424,-0.04651162790697683,-0.08139534883720922,-0.03488372093023262,-0.12790697674418605
000976.SZ,20240424,-0.04651162790697683,-0.08139534883720922,-0.03488372093023262,-0.12790697674418605
000976.SZ,20240425,-0.03658536585365846,0.012195121951219523,-0.03658536585365846,-0.13414634146341464
000976.SZ,20240716,-0.051724137931034364,-0.10344827586206884,-0.15517241379310343,-0.22413793103448265
000976.SZ,20240717,-0.054545454545454564,-0.10909090909090913,-0.14545454545454561,-0.21818181818181825
000976.SZ,20240718,-0.05769230769230771,-0.09615384615384626,-0.13461538461538458,-0.21153846153846156
000976.SZ,20240719,-0.04081632653061229,-0.08163265306122447,-0.12244897959183676,
000976.SZ,20240722,-0.04255319148936165,-0.08510638297872342,-0.12765957446808507,
000976.SZ,20240722,-0.04255319148936165,-0.08510638297872342,-0.12765957446808507,
000976.SZ,20240723,-0.04444444444444451,-0.08888888888888902,,
000976.SZ,20240723,-0.04444444444444451,-0.08888888888888902,,
000976.SZ,20240723,-0.04444444444444451,-0.08888888888888902,,
000976.SZ,20240724,-0.04651162790697683,,,
000976.SZ,20240724,-0.04651162790697683,,,
000980.SZ,20240117,0.0,-0.019011406844106404,-0.06463878326996197,-0.041825095057034134
000980.SZ,20250707,0.004854368932038833,-0.009708737864077666,-0.03398058252427183,-0.03883495145631066
000980.SZ,20250707,0.004854368932038833,-0.009708737864077666,-0.03398058252427183,-0.03883495145631066
000980.SZ,20251225,-0.007978723404255317,-0.031914893617021156,-0.04787234042553179,-0.05319148936170204
000980.SZ,20251225,-0.007978723404255317,-0.031914893617021156,-0.04787234042553179,-0.05319148936170204
000981.SZ,20240712,-0.06015037593984962,-0.07518796992481214,-0.07518796992481214,-0.07518796992481214
000983.SZ,20240122,0.030991776524995407,0.04752157976607374,0.07747944131248885,0.0909098335116818
000983.SZ,20240123,0.016032914730700343,0.04509023820168778,0.054108964963016426,0.049098183917283045
000983.SZ,20240125,0.00862961534962503,0.012464638938106676,0.0038350235884816453,-0.0009584851386067461
000983.SZ,20240130,0.0019107256333932288,-0.004775195738790483,0.007641823637111189,0.010506293742508444
000983.SZ,20250115,0.00514890361787379,-0.006434123455997476,-0.018017150529868964,-0.039896647461924784
000983.SZ,20250122,-0.0013400195013233418,-0.0013400195013233418,-0.006702883409945626,-0.026810140688118156
000983.SZ,20250224,0.005748130364610526,0.02011547023438931,0.0043103512630211505,-0.010056988606757744
000983.SZ,20250304,-0.013215879197006841,-0.0029358447725484904,-0.0014679223862742452,0.008810586131337894
000983.SZ,20250515,-0.01086903905173442,-0.013975170312807594,-0.018633560417076755,-0.018633560417076755
000989.SZ,20240226,0.016853091594436487,-0.021348885376890725,0.006741236637774595,0.015730370166776364
000989.SZ,20240301,0.013453474777030294,0.0,-0.006726125254800652,-0.020179600031830947
000989.SZ,20240301,0.013453474777030294,0.0,-0.006726125254800652,-0.020179600031830947
000989.SZ,20240306,-0.018059436400635565,-0.013544577300476646,0.007900695285836257,0.02370208585750877
000989.SZ,20240306,-0.018059436400635565,-0.013544577300476646,0.007900695285836257,0.02370208585750877
000989.SZ,20240306,-0.018059436400635565,-0.013544577300476646,0.007900695285836257,0.02370208585750877
000998.SZ,20240104,-0.016757312950169023,-0.045156548581508194,-0.040063207408496226,-0.03569013670439514
000998.SZ,20240411,-0.01779202662685686,-0.016168636760399036,-0.050928758473850366,-0.016168636760399036
000998.SZ,20240419,-0.004036458333333326,-0.009676106770833304,-0.019360351562499933,-0.0032226562499999556
000998.SZ,20251128,-0.0010330578512396382,0.0020661157024792765,-0.005165289256198191,-0.01342975206611563
000998.SZ,20251208,-0.003141361256544628,0.003141361256544517,-0.006282722513089034,-0.01465968586387445
000998.SZ,20251209,0.006302521008403339,-0.0031512605042015585,-0.006302521008403228,-0.025210084033613467
000998.SZ,20251210,-0.009394572025052228,-0.012526096033402823,-0.017745302713987443,-0.029227557411273475
000998.SZ,20251211,-0.0031612223393044925,-0.008429926238145424,-0.02212855637513178,-0.02002107481559534
000998.SZ,20251212,-0.005285412262156508,-0.019027484143763318,-0.016913319238900604,-0.00634249471458781
000998.SZ,20251215,-0.013815090329436841,-0.011689691817215686,-0.011689691817215686,0.006376195536663243
001201.SZ,20240722,-0.02881152460984393,-0.07623049219687872,-0.10564225690276108,-0.07863145258103243
001202.SZ,20240920,0.01955316015416897,0.03631266737211014,0.04841648809624233,0.10614555437981621
001202.SZ,20240920,0.01955316015416897,0.03631266737211014,0.04841648809624233,0.10614555437981621
001202.SZ,20240924,0.011679699674833843,0.032344499388278214,0.06738592435117963,0.1859843603901996
001202.SZ,20241015,0.0139806395711497,0.009868624140713322,0.015625232850990267,0.11924951194432443
001203.SZ,20240522,-0.03985412380774278,-0.03804002244249116,-0.032607069384701814,-0.01992706190387139
001203.SZ,20240719,-0.009081396261745867,-0.036323241460850975,-0.0442679984485459,-0.03745753714876954
001203.SZ,20240724,-0.008313971665552922,0.007125911122282114,-0.016627943331105954,0.011875701158021723
001203.SZ,20240906,-0.012096807763714024,-0.012096807763714024,-0.00403226925457123,-0.018818181565896874
001203.SZ,20250429,-0.007203140069090397,0.0048012764189684365,0.008402846453513524,0.019207556557149008
001203.SZ,20250429,-0.007203140069090397,0.0048012764189684365,0.008402846453513524,0.019207556557149008
001203.SZ,20250429,-0.007203140069090397,0.0048012764189684365,0.008402846453513524,0.019207556557149008
001203.SZ,20250429,-0.007203140069090397,0.0048012764189684365,0.008402846453513524,0.019207556557149008
001203.SZ,20250430,0.012091513352383343,0.01571921422443845,0.024184261036468424,0.03264807351679622
001203.SZ,20250430,0.012091513352383343,0.01571921422443845,0.024184261036468424,0.03264807351679622
001203.SZ,20250430,0.012091513352383343,0.01571921422443845,0.024184261036468424,0.03264807351679622
001203.SZ,20250506,0.003584360528860797,0.011948274957893856,0.01433744211544341,0.029868858017125355
001203.SZ,20250506,0.003584360528860797,0.011948274957893856,0.01433744211544341,0.029868858017125355
001203.SZ,20250506,0.003584360528860797,0.011948274957893856,0.01433744211544341,0.029868858017125355
001203.SZ,20250506,0.003584360528860797,0.011948274957893856,0.01433744211544341,0.029868858017125355
001203.SZ,20250506,0.003584360528860797,0.011948274957893856,0.01433744211544341,0.029868858017125355
001203.SZ,20250704,-0.0041279669762640525,0.016511867905056876,0.11867905056759542,0.11248710010319907
001205.SZ,20240411,0.001704401501715802,-0.03064467835179785,-0.11918142663012188,-0.09193979316857459
001205.SZ,20240429,0.008319166636524544,0.027923463666944093,0.07189447920811176,0.13784497413824282
001205.SZ,20240430,0.019442551207088377,0.06305078260453656,0.05892551804952717,0.11196207148067105
001205.SZ,20240506,0.0427765462073495,0.03872995765743581,0.10693550089728698,0.09653166308924765
001205.SZ,20240507,-0.003880590299649045,0.061527040403131616,0.04601030324844779,0.03381175200215969
001205.SZ,20240517,0.004885625685061568,0.0010850825929618058,0.004885625685061568,-0.009771251370123246
001205.SZ,20240520,-0.003782065336548901,0.0,-0.01836768252576193,-0.005941679456259563
001205.SZ,20240522,-0.01836768252576193,-0.014585617189212807,-0.005941679456259563,-0.01512278009208512
001205.SZ,20240524,0.008771881031711004,0.006580301370015196,-0.0005451137229599556,-0.018639551894270245
001205.SZ,20240527,-0.0021725225523280267,-0.009235977855709288,-0.011954388054434384,-0.03804120073226147
001205.SZ,20240528,-0.007078834230390907,-0.009803163095014389,-0.025054983919275742,-0.04475525248394685
001205.SZ,20240603,-0.0091369219922387,-0.03359567113959305,-0.0608975277575563,-0.02676877396722399
001205.SZ,20240607,0.0046984194611610075,0.007633452273171137,-0.02407200298237211,-0.03875308444728487
001205.SZ,20240919,0.0034272605408991463,0.015091002059120173,0.035661475103992535,0.06172523873357205
001205.SZ,20240920,0.011623903372860012,0.03212411684501926,0.03212411684501926,0.09364541585753838
001210.SZ,20240821,-0.014121134438819016,-0.033539191674770596,-0.011473762045762115,-0.00794320618468003
001210.SZ,20240826,-0.008928837003832513,0.0035715348015330495,0.007143069603066099,0.015178472083751338
001210.SZ,20240829,0.013297718156630278,0.00797841212753636,-0.0026601999306510304,-0.0017731020096980465
001210.SZ,20250620,0.019698263138159033,0.05043042579842183,0.05358182877111228,0.06540557359523214
001215.SZ,20240603,-0.0036444424370056794,-0.04206211643019675,-0.0493538242650422,-0.0802003173007978
001216.SZ,20250114,0.0,0.000816134216216513,0.017963366511573042,0.052249417347479454
001216.SZ,20250114,0.0,0.000816134216216513,0.017963366511573042,0.052249417347479454
001216.SZ,20250114,0.0,0.000816134216216513,0.017963366511573042,0.052249417347479454
001216.SZ,20250114,0.0,0.000816134216216513,0.017963366511573042,0.052249417347479454
001216.SZ,20250117,0.012025986048203041,0.03368102621747604,0.007215591628921825,0.007215591628921825
001216.SZ,20250117,0.012025986048203041,0.03368102621747604,0.007215591628921825,0.007215591628921825
001216.SZ,20250117,0.012025986048203041,0.03368102621747604,0.007215591628921825,0.007215591628921825
001216.SZ,20250117,0.012025986048203041,0.03368102621747604,0.007215591628921825,0.007215591628921825
001216.SZ,20250117,0.012025986048203041,0.03368102621747604,0.007215591628921825,0.007215591628921825
001216.SZ,20250117,0.012025986048203041,0.03368102621747604,0.007215591628921825,0.007215591628921825
001216.SZ,20250121,-0.025603096039595985,-0.029481141504681507,-0.025603096039595985,-0.025603096039595985
001216.SZ,20250123,0.003995847614025827,0.009590034273661896,0.003995847614025827,0.020786646453994306
001216.SZ,20250123,0.003995847614025827,0.009590034273661896,0.003995847614025827,0.020786646453994306
001216.SZ,20250123,0.003995847614025827,0.009590034273661896,0.003995847614025827,0.020786646453994306
001216.SZ,20250124,0.005571922107975524,0.0,0.013540016904506125,0.019111939012481427
001216.SZ,20250124,0.005571922107975524,0.0,0.013540016904506125,0.019111939012481427
001216.SZ,20250127,-0.005541047821119638,0.007923943202219785,0.011090256242859642,0.011881834503019384
001216.SZ,20250217,-0.025937299960295923,-0.007073809080080817,0.0015800604474405233,-0.005501851506729438
001216.SZ,20250217,-0.025937299960295923,-0.007073809080080817,0.0015800604474405233,-0.005501851506729438
001218.SZ,20250923,0.018623900672529947,0.012415933781686705,0.03103983445421643,0.05794102431453707
001218.SZ,20250923,0.018623900672529947,0.012415933781686705,0.03103983445421643,0.05794102431453707
001218.SZ,20250923,0.018623900672529947,0.012415933781686705,0.03103983445421643,0.05794102431453707
001222.SZ,20240821,-0.00877943272870274,-0.01853807206410074,0.004876370250208817,0.013655802978911558
001222.SZ,20251230,0.0016934801016088574,0.00592718035563089,-0.009737510584250653,-0.024978831498729925
001222.SZ,20251230,0.0016934801016088574,0.00592718035563089,-0.009737510584250653,-0.024978831498729925
001222.SZ,20251230,0.0016934801016088574,0.00592718035563089,-0.009737510584250653,-0.024978831498729925
001222.SZ,20251230,0.0016934801016088574,0.00592718035563089,-0.009737510584250653,-0.024978831498729925
001222.SZ,20251230,0.0016934801016088574,0.00592718035563089,-0.009737510584250653,-0.024978831498729925
001222.SZ,20251230,0.0016934801016088574,0.00592718035563089,-0.009737510584250653,-0.024978831498729925
001222.SZ,20251230,0.0016934801016088574,0.00592718035563089,-0.009737510584250653,-0.024978831498729925
001227.SZ,20250418,0.004427755252488064,0.008850903059343995,0.004427755252488064,0.0221249539255437
001227.SZ,20250912,0.0,0.00409856654832863,0.016394266193314966,-0.008197133096657483
001228.SZ,20241024,0.021305413645352544,0.03815610580092277,0.0009887936717205559,0.01734508899143039
001228.SZ,20241024,0.021305413645352544,0.03815610580092277,0.0009887936717205559,0.01734508899143039
001228.SZ,20241024,0.021305413645352544,0.03815610580092277,0.0009887936717205559,0.01734508899143039
001228.SZ,20241024,0.021305413645352544,0.03815610580092277,0.0009887936717205559,0.01734508899143039
001228.SZ,20241024,0.021305413645352544,0.03815610580092277,0.0009887936717205559,0.01734508899143039
001228.SZ,20241024,0.021305413645352544,0.03815610580092277,0.0009887936717205559,0.01734508899143039
001228.SZ,20241024,0.021305413645352544,0.03815610580092277,0.0009887936717205559,0.01734508899143039
001228.SZ,20241030,0.009345221367805134,-0.021137879058835463,0.003934292210612256,0.03146411874409227
001228.SZ,20241031,-0.030200866642368207,-0.005360831004738276,0.022891102741667835,0.04870813590896206
001236.SZ,20240409,-0.035564995912009234,-0.037656623434812464,-0.060668713628136306,-0.13912149550321018
001236.SZ,20240409,-0.035564995912009234,-0.037656623434812464,-0.060668713628136306,-0.13912149550321018
001236.SZ,20240409,-0.035564995912009234,-0.037656623434812464,-0.060668713628136306,-0.13912149550321018
001236.SZ,20240409,-0.035564995912009234,-0.037656623434812464,-0.060668713628136306,-0.13912149550321018
001236.SZ,20240612,-0.0024778137696005453,0.006195774571033041,0.004956867686232602,-0.01486936291166685
001236.SZ,20240612,-0.0024778137696005453,0.006195774571033041,0.004956867686232602,-0.01486936291166685
001236.SZ,20240626,-0.039083743363977685,-0.041778615822866794,-0.0458222732962148,-0.061994205619578024
001236.SZ,20240626,-0.039083743363977685,-0.041778615822866794,-0.0458222732962148,-0.061994205619578024
001236.SZ,20240703,-0.03879386579815791,-0.020115178051463345,-0.05747111561661944,-0.06034553415439037
001236.SZ,20240705,-0.03812278415627712,-0.0410562090582518,-0.0410562090582518,-0.019062125801225682
001236.SZ,20251111,-0.008152173913043459,-0.0009057971014492239,0.0027173913043478937,-0.009963768115942018
001239.SZ,20250630,0.004016064257028162,0.012048192771084265,0.019410977242302563,0.0053547523427042165
001239.SZ,20250630,0.004016064257028162,0.012048192771084265,0.019410977242302563,0.0053547523427042165
001239.SZ,20250707,0.005326231691078487,0.001997336884154599,0.005326231691078487,0.03595206391478034
001239.SZ,20250707,0.005326231691078487,0.001997336884154599,0.005326231691078487,0.03595206391478034
001266.SZ,20240530,0.01779589568683071,-0.02201613366801425,-0.05995516296537584,-0.1672143555155301
001266.SZ,20240531,-0.03911592640878048,-0.07639160167740544,-0.10354354241284691,-0.15508469391116897
001270.SZ,20251015,-0.01898464163822522,-0.0625,-0.041168941979522145,0.00213310580204773
001270.SZ,20251021,0.022415669205658295,0.010228509249183837,0.02285092491838947,0.004134929270946719
001278.SZ,20240528,0.00545218148588833,0.00787469181988798,0.025439424975774783,-0.04482564058532745
001283.SZ,20240104,0.0017373901327271124,0.003476750095536829,0.01583940369303738,0.0044419668359407805
001283.SZ,20240104,0.0017373901327271124,0.003476750095536829,0.01583940369303738,0.0044419668359407805
001283.SZ,20240104,0.0017373901327271124,0.003476750095536829,0.01583940369303738,0.0044419668359407805
001283.SZ,20240104,0.0017373901327271124,0.003476750095536829,0.01583940369303738,0.0044419668359407805
001283.SZ,20250114,-0.007859060842229315,-0.010078900834508242,-0.009567027792810268,0.05586999458827835
001283.SZ,20250114,-0.007859060842229315,-0.010078900834508242,-0.009567027792810268,0.05586999458827835
001287.SZ,20250529,-0.026586742659984397,-0.027127212377302423,-0.024413945210564725,-0.02387347549324692
001287.SZ,20250603,0.0027889228697288715,0.007805617126343201,0.003344462837743034,-0.007884178333941172
001287.SZ,20250604,0.005002741995053128,0.0005539949189152793,0.0072634889368892175,-0.0072858725699769256
001288.SZ,20240126,-0.025192261586411635,-0.06718551168323406,-0.11498994891466718,-0.21382715821699283
001288.SZ,20240729,-0.028831473555078202,-0.021245935362214974,-0.05652725918862611,-0.07625180129746989
001301.SZ,20250421,0.014294286156704805,0.020201687829049186,0.007242954475069618,-0.030874496748219293
001301.SZ,20250529,-0.03467465753424648,-0.03852739726027388,-0.02568493150684925,0.01690924657534243
001301.SZ,20250623,0.0708746230073245,0.06613528651443334,0.06807410598879793,0.050409306333476955
001313.SZ,20240903,-0.010100788172000441,-0.008658027680495173,-0.023088562058474982,-0.056277912288950516
001313.SZ,20240903,-0.010100788172000441,-0.008658027680495173,-0.023088562058474982,-0.056277912288950516
001313.SZ,20240906,-0.011816371694684524,-0.033973755390160676,-0.05022070421437097,-0.06351543430151307
001313.SZ,20240911,0.001554949712768483,-0.013997704673215816,-0.035770157910273825,-0.026438881004513193
001313.SZ,20250214,0.03244424527491874,0.046349257877880135,0.06488966674782448,0.027810025205922795
001313.SZ,20250326,-0.005555756061029649,-0.013333363409154364,-0.03333340852288602,-0.018889119470184235
001313.SZ,20250519,-0.01063772348398051,-0.02127664680142416,-0.03782474992471052,-0.061466268481934816
001323.SZ,20240412,-0.012613627826609575,-0.017534370069867022,-0.009229208924949273,-0.003076402974983128
001323.SZ,20240412,-0.012613627826609575,-0.017534370069867022,-0.009229208924949273,-0.003076402974983128
001323.SZ,20240412,-0.012613627826609575,-0.017534370069867022,-0.009229208924949273,-0.003076402974983128
001323.SZ,20240412,-0.012613627826609575,-0.017534370069867022,-0.009229208924949273,-0.003076402974983128
001323.SZ,20240412,-0.012613627826609575,-0.017534370069867022,-0.009229208924949273,-0.003076402974983128
001323.SZ,20240412,-0.012613627826609575,-0.017534370069867022,-0.009229208924949273,-0.003076402974983128
001323.SZ,20240412,-0.012613627826609575,-0.017534370069867022,-0.009229208924949273,-0.003076402974983128
001323.SZ,20240412,-0.012613627826609575,-0.017534370069867022,-0.009229208924949273,-0.003076402974983128
001323.SZ,20240412,-0.012613627826609575,-0.017534370069867022,-0.009229208924949273,-0.003076402974983128
001323.SZ,20240412,-0.012613627826609575,-0.017534370069867022,-0.009229208924949273,-0.003076402974983128
001323.SZ,20240412,-0.012613627826609575,-0.017534370069867022,-0.009229208924949273,-0.003076402974983128
001323.SZ,20240412,-0.012613627826609575,-0.017534370069867022,-0.009229208924949273,-0.003076402974983128
001323.SZ,20240418,0.0015472223584951372,0.005562453064443806,-0.009577683770392142,0.002781226532222014
001323.SZ,20240418,0.0015472223584951372,0.005562453064443806,-0.009577683770392142,0.002781226532222014
001323.SZ,20240418,0.0015472223584951372,0.005562453064443806,-0.009577683770392142,0.002781226532222014
001323.SZ,20240418,0.0015472223584951372,0.005562453064443806,-0.009577683770392142,0.002781226532222014
001323.SZ,20240418,0.0015472223584951372,0.005562453064443806,-0.009577683770392142,0.002781226532222014
001323.SZ,20240418,0.0015472223584951372,0.005562453064443806,-0.009577683770392142,0.002781226532222014
001323.SZ,20240418,0.0015472223584951372,0.005562453064443806,-0.009577683770392142,0.002781226532222014
001323.SZ,20240418,0.0015472223584951372,0.005562453064443806,-0.009577683770392142,0.002781226532222014
001323.SZ,20240418,0.0015472223584951372,0.005562453064443806,-0.009577683770392142,0.002781226532222014
001323.SZ,20240418,0.0015472223584951372,0.005562453064443806,-0.009577683770392142,0.002781226532222014
001324.SZ,20250214,0.09994249568717661,0.0759516963772282,0.08566417481311084,0.08909143185738921
001324.SZ,20251106,0.008016032064128265,0.013026052104208263,0.011022044088176308,-0.008016032064128265
001324.SZ,20251106,0.008016032064128265,0.013026052104208263,0.011022044088176308,-0.008016032064128265
001324.SZ,20251106,0.008016032064128265,0.013026052104208263,0.011022044088176308,-0.008016032064128265
001326.SZ,20241128,0.008155579879878028,0.01855989927461832,0.01827916130239715,0.02924779237867292
001337.SZ,20240701,-0.0064132862129523405,-0.009400949634672418,-0.023506710318062507,-0.003846237235218819
001337.SZ,20241129,-0.0035910224438903127,0.0013466334164589089,-0.007182044887780514,-0.0031421446384038987
001339.SZ,20251219,0.005623828369089923,-0.001458029577171449,0.01166423661737137,0.01874609456363263
001339.SZ,20251219,0.005623828369089923,-0.001458029577171449,0.01166423661737137,0.01874609456363263
001696.SZ,20240304,0.015384263623700267,0.022222495814045118,0.018803379718872693,0.03418764334257296
001965.SZ,20240514,0.0,-0.00706632579783395,0.005304531831978432,0.01945633336205832
001965.SZ,20240514,0.0,-0.00706632579783395,0.005304531831978432,0.01945633336205832
001965.SZ,20240514,0.0,-0.00706632579783395,0.005304531831978432,0.01945633336205832
001965.SZ,20240514,0.0,-0.00706632579783395,0.005304531831978432,0.01945633336205832
001965.SZ,20240514,0.0,-0.00706632579783395,0.005304531831978432,0.01945633336205832
001965.SZ,20241115,-0.01202394100252957,-0.009449926965691802,-0.0008639424275892482,-0.011159998574940433
001965.SZ,20241115,-0.01202394100252957,-0.009449926965691802,-0.0008639424275892482,-0.011159998574940433
001965.SZ,20241126,-0.010953180181125344,-0.011792370362600058,0.0016783803629496497,0.01853211650757025
001965.SZ,20241126,-0.010953180181125344,-0.011792370362600058,0.0016783803629496497,0.01853211650757025
001965.SZ,20241126,-0.010953180181125344,-0.011792370362600058,0.0016783803629496497,0.01853211650757025
001965.SZ,20250228,-0.010158013544018019,0.005071482317531961,-0.0029044394281413366,-0.01958615500376215
001965.SZ,20250228,-0.010158013544018019,0.005071482317531961,-0.0029044394281413366,-0.01958615500376215
001965.SZ,20250228,-0.010158013544018019,0.005071482317531961,-0.0029044394281413366,-0.01958615500376215
001965.SZ,20250228,-0.010158013544018019,0.005071482317531961,-0.0029044394281413366,-0.01958615500376215
001965.SZ,20250228,-0.010158013544018019,0.005071482317531961,-0.0029044394281413366,-0.01958615500376215
001965.SZ,20250228,-0.010158013544018019,0.005071482317531961,-0.0029044394281413366,-0.01958615500376215
001965.SZ,20250228,-0.010158013544018019,0.005071482317531961,-0.0029044394281413366,-0.01958615500376215
001965.SZ,20250228,-0.010158013544018019,0.005071482317531961,-0.0029044394281413366,-0.01958615500376215
001965.SZ,20250228,-0.010158013544018019,0.005071482317531961,-0.0029044394281413366,-0.01958615500376215
001965.SZ,20250307,-0.028841799887948327,-0.03327781913628103,-0.050292792619937576,-0.050292792619937576
001965.SZ,20250307,-0.028841799887948327,-0.03327781913628103,-0.050292792619937576,-0.050292792619937576
001965.SZ,20250411,-0.007700295550762903,0.0023084910935378122,0.019242751018451854,0.005383816598769853
001965.SZ,20250411,-0.007700295550762903,0.0023084910935378122,0.019242751018451854,0.005383816598769853
001965.SZ,20250411,-0.007700295550762903,0.0023084910935378122,0.019242751018451854,0.005383816598769853
001965.SZ,20250520,-0.0015572427927093013,-0.027215440102632882,-0.031104512776652715,-0.05521353590937339
001965.SZ,20250520,-0.0015572427927093013,-0.027215440102632882,-0.031104512776652715,-0.05521353590937339
001965.SZ,20250521,-0.025698215671062785,-0.029593354021205,-0.031153025601241335,-0.042838440651667864
001979.SZ,20250123,0.0,-0.015105765054822418,-0.028197496711887204,-0.010070166988788598
002001.SZ,20240829,-0.009224108513905427,-0.015371736904964961,-0.0030764801228457817,-0.0020527640334413455
002001.SZ,20250625,-0.011640629035363226,-0.00977643793934091,-0.00977643793934091,-0.004188560346730097
002001.SZ,20251016,-0.02136434318166458,-0.01375836657426821,-0.016716246366033416,-0.020519234669731712
002002.SZ,20240111,-0.053333333333333344,-0.10666666666666658,-0.1466666666666666,-0.22666666666666668
002002.SZ,20240112,-0.05633802816901401,-0.09859154929577463,-0.14084507042253513,
002002.SZ,20240112,-0.05633802816901401,-0.09859154929577463,-0.14084507042253513,
002002.SZ,20240115,-0.04477611940298509,-0.08955223880597019,-0.1343283582089554,
002002.SZ,20240115,-0.04477611940298509,-0.08955223880597019,-0.1343283582089554,
002002.SZ,20240115,-0.04477611940298509,-0.08955223880597019,-0.1343283582089554,
002002.SZ,20240116,-0.046875,-0.09375000000000011,,
002005.SZ,20240801,0.03603603603603589,0.03603603603603589,0.054054054054053946,0.03603603603603589
002007.SZ,20251107,0.021871202916160293,0.022478736330498128,0.01761846901579589,0.022478736330498128
002009.SZ,20240201,-0.06054253117781927,-0.15448848718433994,-0.10438334994128828,-0.01356903036380297
002011.SZ,20250116,-0.004803073967339144,0.0028818443804032867,0.06820365033621512,0.03842459173871271
002015.SZ,20240311,0.007861832686134385,0.10903583287702867,0.11394885036395519,0.13457548615262493
002015.SZ,20240328,-0.0019037628455427225,0.012345319268799448,-0.0037978126153428438,-0.04273947588243299
002015.SZ,20240529,-0.016043055684695995,-0.01818161929192208,-0.03208611136939166,-0.03636323858384438
002015.SZ,20240617,0.011415496222636046,-0.00228355940763203,-0.047945544298176435,-0.09360752918872095
002015.SZ,20240617,0.011415496222636046,-0.00228355940763203,-0.047945544298176435,-0.09360752918872095
002015.SZ,20240618,-0.013544439136468078,-0.05869105302668398,-0.06546327259491802,-0.119681976387088
002015.SZ,20240624,-0.01768017789330456,0.017631947687996252,-0.010076305261661589,0.012594429665130136
002015.SZ,20240625,0.03594768708379514,0.0077407301171381615,0.020561839272932092,0.029537778535786208
002015.SZ,20240627,0.012722626735850673,0.022901497405599658,0.021629619372548703,-0.02290021527048558
002015.SZ,20240627,0.012722626735850673,0.022901497405599658,0.021629619372548703,-0.02290021527048558
002015.SZ,20240701,-0.0012434022594324246,-0.007462920415988283,-0.044776269066232555,-0.10074691875644737
002015.SZ,20240724,0.010540962906804285,0.015810780487999,-0.0026342449183902605,0.036891378557193155
002015.SZ,20240731,-0.013977990683046948,-0.034307285304158386,-0.06861585111314283,-0.029224961648880443
002015.SZ,20240802,-0.03552741497049661,0.0013153881853742444,0.005262878737651633,-0.03289531260359346
002015.SZ,20240805,0.0381999485809581,0.04229284931608546,0.01364254417019417,-0.004091525894437065
002015.SZ,20240805,0.0381999485809581,0.04229284931608546,0.01364254417019417,-0.004091525894437065
002015.SZ,20240806,0.003942304891000559,-0.023653829346003907,-0.034165759552508,-0.039421724655760104
002016.SZ,20240716,-0.0016008890248910834,-0.0016008890248910834,-0.004801056522334424,-0.004801056522334424
002022.SZ,20240806,-0.014209591474245165,0.007104795737122638,-0.005328596802841923,0.13143872113676736
002022.SZ,20240808,-0.012345679012345734,0.08641975308641969,0.1234567901234569,0.0793650793650793
002022.SZ,20240809,0.10000000000000009,0.13750000000000018,0.06964285714285734,0.13035714285714284
002022.SZ,20240827,-0.014336917562724039,-0.014336917562724039,0.008960573476702427,-0.010752688172043112
002022.SZ,20240830,-0.02131438721136769,-0.019538188277087087,-0.031971580817051426,-0.04618117229129659
002027.SZ,20240422,-0.011461013040007129,0.002864446827899325,0.0014322234139496626,0.004298283106053846
002027.SZ,20241111,-0.022973668793910718,-0.002702200484835715,-0.01486423038351381,-0.03378388921119868
002027.SZ,20241220,-0.005780785222061935,0.03034646789624018,0.01589526327525248,-0.007226360744661098
002028.SZ,20241224,-0.013647544775266529,-0.010134638723054534,-0.013918291601134114,-0.017567251334686618
002028.SZ,20241224,-0.013647544775266529,-0.010134638723054534,-0.013918291601134114,-0.017567251334686618
002028.SZ,20241224,-0.013647544775266529,-0.010134638723054534,-0.013918291601134114,-0.017567251334686618
002044.SZ,20250718,0.0,-0.005893909626719096,-0.007858546168958758,0.009823182711198308
002044.SZ,20250723,0.01980198019801982,0.017821782178217838,0.007920792079207928,-0.001980198019801982
002044.SZ,20250723,0.01980198019801982,0.017821782178217838,0.007920792079207928,-0.001980198019801982
002044.SZ,20250725,-0.009727626459143934,-0.0077821011673151474,-0.01945525291828787,0.015564202334630295
002044.SZ,20250725,-0.009727626459143934,-0.0077821011673151474,-0.01945525291828787,0.015564202334630295
002047.SZ,20240111,0.0034129692832762792,0.023890784982935065,0.0034129692832762792,-0.04095563139931746
002047.SZ,20240301,-0.015686274509803977,-0.050980392156862675,-0.05490196078431364,-0.07450980392156858
002047.SZ,20240305,-0.004132231404958553,-0.012396694214875992,-0.024793388429752095,0.008264462809917328
002047.SZ,20251029,0.05017921146953408,0.10394265232974909,0.1577060931899641,0.2759856630824373
002048.SZ,20240116,-0.024442919938003405,-0.03785010713892478,-0.04494753156998754,-0.09463797206765423
002057.SZ,20240329,0.015559926644581168,0.05091990061523899,0.053749112636062524,0.11456903691433995
002057.SZ,20240524,0.018065445753743248,0.00774156293763828,0.02580700869138175,0.0025809707040260754
002059.SZ,20240105,-0.006956521739130417,0.03130434782608682,0.006956521739130528,-0.019130434782608785
002059.SZ,20250703,-0.011450381679389388,-0.009541984732824416,0.0,0.003816793893129722
002061.SZ,20250312,-0.00257898986464955,0.01546331513078214,0.028350296411193687,0.043813611541975606
002065.SZ,20240304,-0.018612526974053245,-0.018612526974053245,-0.04229978971423842,-0.01522764896388662
002065.SZ,20240304,-0.018612526974053245,-0.018612526974053245,-0.04229978971423842,-0.01522764896388662
002065.SZ,20240827,0.009346716434388558,0.042056700437620664,0.06308505065643133,0.06308505065643133
002065.SZ,20240828,0.03240708417696481,0.05324070841769646,0.03472270706788616,0.050925085526775105
002074.SZ,20240103,-0.01714145784017629,-0.021429223064623693,-0.039050833785477246,-0.04142759054482947
002074.SZ,20240115,0.009085034768099964,-0.021039281684299804,-0.015783077917193133,-0.05308283584248741
002075.SZ,20250624,0.00722051742814811,-0.009024741050435048,0.012634999764508992,0.0740075864342673
002081.SZ,20240129,-0.02179860151184787,-0.05722060601153256,-0.0653958045355435,-0.15259021058293476
002081.SZ,20250221,0.008720156274773183,-0.0029077159173515055,0.014535588109475972,-0.008723147752054405
002081.SZ,20250221,0.008720156274773183,-0.0029077159173515055,0.014535588109475972,-0.008723147752054405
002081.SZ,20250618,-0.020710059171597628,-0.01183431952662728,-0.014792899408283988,0.01183431952662728
002081.SZ,20250728,0.0,-0.005390835579514808,-0.02425876010781669,-0.016172506738544534
002081.SZ,20250731,0.008287292817679592,0.008287292817679592,0.008287292817679592,0.005524861878453136
002081.SZ,20250731,0.008287292817679592,0.008287292817679592,0.008287292817679592,0.005524861878453136
002081.SZ,20250805,0.0,-0.002739726027397249,0.005479452054794498,0.010958904109588996
002083.SZ,20240812,-0.0021654565812104787,-0.004328604573314965,-0.0021654565812104787,0.0
002086.SZ,20240507,-0.04938271604938271,-0.0370370370370372,-0.024691358024691357,-0.008230452674897082
002086.SZ,20240509,0.012820512820512997,0.025641025641025772,0.02991452991453003,0.03846153846153855
002086.SZ,20240509,0.012820512820512997,0.025641025641025772,0.02991452991453003,0.03846153846153855
002086.SZ,20240510,0.012658227848101111,0.016877637130801704,0.029535864978902815,0.012658227848101111
002086.SZ,20240513,0.004166666666666874,0.016666666666666607,0.012500000000000178,0.04583333333333339
002086.SZ,20240513,0.004166666666666874,0.016666666666666607,0.012500000000000178,0.04583333333333339
002086.SZ,20240514,0.012448132780082943,0.008298755186721962,-0.004149377593361092,0.0663900414937757
002086.SZ,20240515,-0.004098360655737654,-0.016393442622950838,0.0286885245901638,0.05737704918032782
002086.SZ,20240618,-0.03361344537815125,-0.0672268907563024,-0.037815126050420145,-0.10502100840336126
002086.SZ,20240621,-0.04366812227074235,-0.06984716157205229,-0.06113537117903933,-0.07860262008733632
002086.SZ,20240627,-0.027649769585253448,-0.027649769585253448,-0.032258064516129004,-0.07834101382488479
002086.SZ,20240702,-0.01904761904761909,-0.04761904761904767,0.014285714285714235,-0.03333333333333344
002086.SZ,20240703,-0.029126213592232997,0.03398058252427183,-0.009708737864077666,-0.0728155339805826
002086.SZ,20240703,-0.029126213592232997,0.03398058252427183,-0.009708737864077666,-0.0728155339805826
002086.SZ,20240704,0.06499999999999995,0.020000000000000018,0.014999999999999902,-0.025000000000000022
002086.SZ,20240705,-0.04225352112676051,-0.04694835680751175,-0.10328638497652587,-0.07511737089201875
002086.SZ,20251224,0.004201680672269115,0.004201680672269115,-0.012605042016806678,-0.02941176470588225
002086.SZ,20251224,0.004201680672269115,0.004201680672269115,-0.012605042016806678,-0.02941176470588225
002086.SZ,20260224,0.01754385964912286,0.03947368421052655,0.03070175438596512,-0.01754385964912264
002090.SZ,20240424,-0.035280944374904255,-0.022050030929553377,0.020948200548789764,0.03197321601356662
002091.SZ,20251023,-0.010477406649537668,-0.008149488556276396,-0.01280532474279883,0.023282731392336498
002092.SZ,20250115,0.011820330969267046,0.030732860520094496,0.030732860520094496,0.03546099290780136
002092.SZ,20250120,0.002293577981651307,0.004587155963302614,0.022935779816513735,0.03440366972477049
002092.SZ,20250121,0.0022883295194506825,0.020594965675057253,0.01830663615560635,0.029748283752860427
002092.SZ,20250625,-0.014989293361884481,0.0,-0.004282655246252598,0.01070663811563155
002092.SZ,20250627,-0.004282655246252598,0.0,0.01070663811563155,-0.0064239828693790635
002092.SZ,20250702,-0.010593220338983023,-0.016949152542372947,-0.01906779661016944,-0.01483050847457612
002092.SZ,20250708,-0.0064102564102562765,0.02777777777777768,0.019230769230769162,-0.017094017094017144
002092.SZ,20250709,0.034408602150537426,0.02580645161290307,0.017204301075268935,-0.010752688172043112
002099.SZ,20240418,-0.01782531194295911,-0.028520499108734443,-0.0035650623885918886,0.062388591800356386
002101.SZ,20250123,0.01643677651128761,-0.004328735530225725,0.0017297201401516027,0.05276976981416581
002103.SZ,20240809,-0.01224489795918382,-0.00612244897959191,-0.00612244897959191,0.0020408163265306367
002110.SZ,20250116,0.022292993630573132,0.03503184713375784,0.019108280254777066,0.006369426751592355
002111.SZ,20251225,-0.0009689922480620172,0.005813953488372103,0.0019379844961240345,0.012596899224806002
002116.SZ,20240412,0.05538787838052639,0.16112265114150293,0.20544063534535284,0.15810339511605997
002120.SZ,20240129,-0.036144254371536344,-0.06023989675329611,-0.06174715945036313,-0.1159643318065644
002120.SZ,20240329,0.0410951218424469,0.03835602249399028,0.0013695496742283098,-0.012328824273253991
002123.SZ,20240104,-0.02526967910224709,-0.06046608519233032,-0.06769375684953227,-0.06498564428624487
002127.SZ,20260305,0.013377926421404451,0.013377926421404451,0.01672240802675584,0.006688963210702115
002130.SZ,20240227,-0.05714263828353017,0.02706764613510848,0.030074992148421575,0.04661616122928902
002130.SZ,20240305,0.012931028173364334,-0.005746798348271187,0.004310830650957387,0.01724185882432172
002130.SZ,20240307,0.010115762244989668,0.02745580703053574,0.02312153195423683,0.041907316591999644
002131.SZ,20240531,-0.039775877666559656,-0.05113374383517666,-0.0569235707823853,-0.09742317681734614
002131.SZ,20240604,-0.006101836702055663,-0.06707714640717455,-0.0487839383911326,-0.07927466876622336
002138.SZ,20240123,0.008171036980489044,0.06580769435617029,0.03785040921760441,-0.021508335256626543
002138.SZ,20240222,0.009609321398685644,0.0030735551316474208,0.03574048883407155,0.054189751379133844
002138.SZ,20240328,0.04177888982740208,0.06481584776961435,0.03865523451320385,0.0144469058281671
002138.SZ,20240409,-0.018443458354239883,-0.018443458354239883,-0.03611468263923745,-0.066847246613146
002138.SZ,20240516,0.015174494779052639,0.002334537658315705,-0.01167268829157897,-0.028018422201929627
002138.SZ,20240517,-0.012648029660685456,-0.026445880199615135,-0.026445880199615135,-0.06516042738920269
002138.SZ,20240613,0.0248461256426058,0.05963070154225414,0.07148039223334313,0.04395852998307204
002138.SZ,20240614,0.03394126691735044,0.04550367652655796,0.03655213360330056,0.017903085846514566
002138.SZ,20240905,-0.02557859750005087,-0.030374584531310478,-0.029575253359433784,-0.051956526171978434
002138.SZ,20240913,-0.0055152708933092764,-0.014848806251217539,-0.035212883395744354,0.049637438039784376
002138.SZ,20250102,-0.023408299550875533,-0.025716160069975902,0.008242358996787269,0.02308196941916596
002138.SZ,20250514,-0.022580645161290325,-0.02616487455197125,-0.03655913978494618,-0.03584229390681004
002138.SZ,20250521,0.0026022304832713505,0.0003717472118960341,0.003717472118959231,0.009665427509293778
002138.SZ,20250617,0.009946442234123776,-0.0015302218821728886,0.002295332823259333,0.03136954858454466
002138.SZ,20250704,-0.017241379310344862,0.01724137931034475,0.002111189303307448,0.00035186488388450066
002138.SZ,20250707,0.03508771929824572,0.01969208736126027,0.018259935553168738,0.024346580737558243
002138.SZ,20250820,0.00095632770162557,0.00095632770162557,0.007013069811922179,0.015938795027095942
002142.SZ,20240711,0.034431454850898824,0.04622554598168316,0.03584536636072966,0.06839489021248069
002145.SZ,20240105,-0.01826583638730994,-0.01826583638730994,-0.020547325227046387,-0.004565298624375824
002145.SZ,20240116,-0.02582238608297238,-0.02112849148679774,-0.04225459665199072,-0.06807698273496321
002145.SZ,20240123,0.01259580003431271,0.04030451159586912,0.04030451159586912,-0.010073567256553284
002145.SZ,20240123,0.01259580003431271,0.04030451159586912,0.04030451159586912,-0.010073567256553284
002145.SZ,20240130,-0.03307871585879729,-0.05343604255638368,-0.09923614757639176,-0.10178146008851696
002145.SZ,20240202,-0.07627164882878801,-0.0028257267487774573,0.07344592208001055,0.13841753558721415
002145.SZ,20240222,-0.0024734973440727615,0.01732706277852003,0.08415930027452534,0.05198118833556031
002145.SZ,20240311,0.004783734815229312,0.009569901625789079,-0.0023930834052797723,0.028707272882036117
002145.SZ,20240325,-0.0048091726170403915,-0.031249847269670394,-0.016827216789095267,0.03365198989291773
002145.SZ,20240325,-0.0048091726170403915,-0.031249847269670394,-0.016827216789095267,0.03365198989291773
002145.SZ,20240507,-0.010637262429786243,-0.008508944774050176,-0.031913950213805276,-0.06170174569632125
002145.SZ,20240613,0.0,-0.0026457840295689428,0.0,-0.04497301034381895
002151.SZ,20240919,0.022055580061755675,0.01764446404940445,0.037494486104984404,0.06528451698279647
002151.SZ,20240919,0.022055580061755675,0.01764446404940445,0.037494486104984404,0.06528451698279647
002151.SZ,20240919,0.022055580061755675,0.01764446404940445,0.037494486104984404,0.06528451698279647
002151.SZ,20240923,0.01950585175552666,0.02514087559601208,0.04681404421326385,0.20936280884265268
002157.SZ,20240801,0.014285714285714235,0.0071428571428571175,0.0071428571428571175,-0.0035714285714284477
002157.SZ,20250106,0.007117437722419906,0.010676156583629748,0.007117437722419906,-0.01067615658362997
002157.SZ,20250120,-0.007092198581560294,-0.021276595744680882,-0.024822695035460973,-0.024822695035460973
002171.SZ,20240103,-0.007936464534052279,-0.021163905424139373,-0.04629672670398144,-0.05290976356034849
002171.SZ,20240220,0.012307633595069367,0.020000699658757393,0.026154516456291965,0.0507697836464307
002171.SZ,20240321,0.09948334043311813,0.05684724156672449,0.038759482886403074,0.04134344841216331
002171.SZ,20240722,-0.040716545326695774,-0.048859854392034885,-0.04723119257896702,-0.022801265382949687
002171.SZ,20240730,0.04499992416595178,0.053333243455943036,0.031666613301966295,0.013333310863985925
002171.SZ,20240731,0.007974468798782164,-0.012759150078051396,-0.03987234399391071,-0.030302981435372023
002171.SZ,20240801,-0.020569587344352214,-0.047468278486966664,-0.03797462278957331,-0.04272145063826993
002171.SZ,20240805,0.00996676066841462,0.00996676066841462,0.004983380334207421,-0.011627887446483687
002171.SZ,20240910,0.007339435924646365,0.0018348589811614247,-0.02018344879277778,0.02018344879277789
002171.SZ,20240920,0.0017889055298705436,0.04293373271689349,0.03577811059741132,0.12164557603119808
002171.SZ,20241014,-0.02607357919696529,-0.02300609929144004,-0.041410978724592096,-0.006134959811050611
002171.SZ,20241021,0.009259244811374412,0.021604904559873628,0.010802452279936814,-0.004629622405687317
002171.SZ,20250114,-0.011299435028248594,-0.012429378531073398,-0.009039548022598876,-0.05536723163841806
