ts_code,trade_date,ret_1d,ret_2d,ret_3d,ret_5d
000001.SZ,20240116,-0.011777705075894596,-0.014990030925735032,-0.018201122215294907,-0.019272720538762056
000001.SZ,20250711,0.005418360728354221,-0.013945357611808151,-0.020914081409881158,-0.01626299220072458
000007.SZ,20240702,0.0998080614203456,-0.009596928982725461,-0.0019193857965450478,0.03838771593090207
000007.SZ,20251009,-0.006775067750677488,-0.01897018970189701,-0.013550135501354976,-0.0257452574525745
000007.SZ,20260108,0.00164473684210531,-0.02384868421052644,-0.03947368421052633,-0.07319078947368429
000010.SZ,20251219,-0.010899182561307952,-0.013623978201634857,-0.019073569482288777,-0.02997275204359673
000039.SZ,20240927,0.0844389955395648,0.08685157347396433,0.03860001478597286,0.026537125113975213
000042.SZ,20250912,-0.010332950631458226,-0.032146957520092,-0.042479908151550005,-0.05855338691159606
000042.SZ,20250912,-0.010332950631458226,-0.032146957520092,-0.042479908151550005,-0.05855338691159606
000042.SZ,20250912,-0.010332950631458226,-0.032146957520092,-0.042479908151550005,-0.05855338691159606
000055.SZ,20241212,-0.028825132319074243,-0.026607469125549454,-0.06430325421872263,-0.07982465197502209
000055.SZ,20241212,-0.028825132319074243,-0.026607469125549454,-0.06430325421872263,-0.07982465197502209
000055.SZ,20241220,-0.047282065027497544,-0.0330976848372877,-0.05200859630397214,-0.0378242161137623
000059.SZ,20240126,-0.016791314384377976,-0.052239436223221136,-0.06343427139733693,-0.14925445963572215
000063.SZ,20241111,-0.03494182018691061,-0.017192382191180355,-0.07903405957952192,-0.10454834650567657
000066.SZ,20250626,0.0061898211829436445,0.017881705639614998,0.01031636863823926,-0.0061898211829436445
000338.SZ,20250108,-0.004760004560483422,-0.04147189602097823,-0.055067837190742264,-0.012242047657051613
000403.SZ,20240731,-0.04022590115804936,-0.03946134398956125,-0.03141310552927734,-0.03448152829880935
000415.SZ,20240318,-0.022831050228310446,-0.0273972602739726,-0.0182648401826484,-0.0547945205479452
000420.SZ,20251229,-0.008602150537634468,-0.02580645161290329,-0.04516129032258065,-0.021505376344086113
000426.SZ,20240314,0.07229232652978634,0.09437265358577629,0.09437265358577629,0.1064247477762823
000426.SZ,20240314,0.07229232652978634,0.09437265358577629,0.09437265358577629,0.1064247477762823
000426.SZ,20240314,0.07229232652978634,0.09437265358577629,0.09437265358577629,0.1064247477762823
000426.SZ,20240314,0.07229232652978634,0.09437265358577629,0.09437265358577629,0.1064247477762823
000523.SZ,20241211,0.027932960893854775,-0.005586592178770999,0.008379888268156277,-0.05307262569832405
000532.SZ,20241216,0.0258373713436848,-0.03229229300038894,-0.08455652625001464,-0.18202879071906053
000538.SZ,20241212,-0.014057931986151573,-0.016259819167155132,-0.004064074740957047,0.010162827004887687
000555.SZ,20260108,0.023178807947019875,0.10264900662251653,-0.002207505518763919,0.0066225165562912025
000555.SZ,20260108,0.023178807947019875,0.10264900662251653,-0.002207505518763919,0.0066225165562912025
000555.SZ,20260108,0.023178807947019875,0.10264900662251653,-0.002207505518763919,0.0066225165562912025
000555.SZ,20260108,0.023178807947019875,0.10264900662251653,-0.002207505518763919,0.0066225165562912025
000555.SZ,20260108,0.023178807947019875,0.10264900662251653,-0.002207505518763919,0.0066225165562912025
000555.SZ,20260108,0.023178807947019875,0.10264900662251653,-0.002207505518763919,0.0066225165562912025
000555.SZ,20260108,0.023178807947019875,0.10264900662251653,-0.002207505518763919,0.0066225165562912025
000555.SZ,20260108,0.023178807947019875,0.10264900662251653,-0.002207505518763919,0.0066225165562912025
000555.SZ,20260108,0.023178807947019875,0.10264900662251653,-0.002207505518763919,0.0066225165562912025
000555.SZ,20260108,0.023178807947019875,0.10264900662251653,-0.002207505518763919,0.0066225165562912025
000555.SZ,20260108,0.023178807947019875,0.10264900662251653,-0.002207505518763919,0.0066225165562912025
000555.SZ,20260108,0.023178807947019875,0.10264900662251653,-0.002207505518763919,0.0066225165562912025
000555.SZ,20260108,0.023178807947019875,0.10264900662251653,-0.002207505518763919,0.0066225165562912025
000555.SZ,20260108,0.023178807947019875,0.10264900662251653,-0.002207505518763919,0.0066225165562912025
000555.SZ,20260112,-0.09509509509509517,-0.0645645645645645,-0.08708708708708723,-0.10910910910910909
000566.SZ,20250604,-0.0884831460674157,-0.0589887640449438,-0.0393258426966292,-0.0646067415730337
000568.SZ,20240506,0.00036125510344531264,-0.013332033579521951,-0.015447956328271895,-0.06597779714665808
000601.SZ,20241210,0.009132966228596828,0.013697057261641055,-0.009132966228596717,-0.02054797797371577
000601.SZ,20250709,-0.08062015503875974,-0.0744186046511629,-0.08062015503875974,-0.12558139534883728
000610.SZ,20241231,0.04319180087847729,-0.054904831625183004,-0.11273792093704249,-0.09736456808199123
000620.SZ,20250819,0.0060606060606061,0.0060606060606061,0.0,0.024242424242424176
000625.SZ,20241111,-0.006427321068798175,-0.030868315883343822,-0.06623509594741883,-0.027651352511807614
000665.SZ,20241031,-0.09894736842105256,-0.05894736842105264,-0.010526315789473606,-0.023157894736842155
000677.SZ,20260302,-0.03500000000000003,-0.03249999999999997,0.0,0.10000000000000009
000677.SZ,20260302,-0.03500000000000003,-0.03249999999999997,0.0,0.10000000000000009
000691.SZ,20240709,-0.011494252873563204,0.028735632183908066,0.00287356321839094,-0.034482758620689724
000691.SZ,20240709,-0.011494252873563204,0.028735632183908066,0.00287356321839094,-0.034482758620689724
000691.SZ,20240709,-0.011494252873563204,0.028735632183908066,0.00287356321839094,-0.034482758620689724
000691.SZ,20240711,-0.025139664804469275,-0.05027932960893855,-0.06145251396648055,-0.07262569832402244
000691.SZ,20240711,-0.025139664804469275,-0.05027932960893855,-0.06145251396648055,-0.07262569832402244
000691.SZ,20240711,-0.025139664804469275,-0.05027932960893855,-0.06145251396648055,-0.07262569832402244
000711.SZ,20241101,-0.016574585635359185,0.011049723756906049,0.0,0.0662983425414363
000711.SZ,20241101,-0.016574585635359185,0.011049723756906049,0.0,0.0662983425414363
000725.SZ,20240815,0.002640038264522193,0.005277404425537702,0.002640038264522193,0.01583221327661355
000802.SZ,20251009,0.0022522522522521182,0.018018018018017834,0.006756756756756577,-0.0045045045045045695
000858.SZ,20250314,-0.0068142846492208475,-0.008879445314247336,-0.013352717512860601,-0.04403190934168344
000887.SZ,20250115,0.007438966659903956,0.012638729214099476,0.012638729214099476,0.029740838424141325
000892.SZ,20251126,-0.09948717948717956,-0.17538461538461547,-0.20307692307692315,-0.23897435897435904
000895.SZ,20240531,0.0003943166963118472,0.003158819621541742,-0.008683539420954345,-0.017757109487173905
000908.SZ,20241016,-0.050000000000000044,-0.06666666666666676,-0.01904761904761909,0.08333333333333326
000935.SZ,20241015,0.09993674889310555,0.17141049968374444,0.1258697027197977,0.18785578747628096
000935.SZ,20241016,0.06497987349051182,0.02357676825761934,-0.01840138010350778,0.05807935595169633
000935.SZ,20250415,-0.04313960455362498,-0.046734571599760355,-0.047333732774116344,-0.04493708807669272
000935.SZ,20250820,-0.005797101449275366,0.0,0.04734299516908225,-0.033816425120772875
000935.SZ,20250820,-0.005797101449275366,0.0,0.04734299516908225,-0.033816425120772875
000935.SZ,20250820,-0.005797101449275366,0.0,0.04734299516908225,-0.033816425120772875
000935.SZ,20250820,-0.005797101449275366,0.0,0.04734299516908225,-0.033816425120772875
000935.SZ,20250820,-0.005797101449275366,0.0,0.04734299516908225,-0.033816425120772875
000935.SZ,20250820,-0.005797101449275366,0.0,0.04734299516908225,-0.033816425120772875
000935.SZ,20250820,-0.005797101449275366,0.0,0.04734299516908225,-0.033816425120772875
000935.SZ,20250820,-0.005797101449275366,0.0,0.04734299516908225,-0.033816425120772875
000935.SZ,20250820,-0.005797101449275366,0.0,0.04734299516908225,-0.033816425120772875
000935.SZ,20250820,-0.005797101449275366,0.0,0.04734299516908225,-0.033816425120772875
000935.SZ,20251118,0.022004889975550057,0.05281173594132049,0.04107579462102695,0.15354523227383865
000935.SZ,20251118,0.022004889975550057,0.05281173594132049,0.04107579462102695,0.15354523227383865
000935.SZ,20251118,0.022004889975550057,0.05281173594132049,0.04107579462102695,0.15354523227383865
000935.SZ,20251118,0.022004889975550057,0.05281173594132049,0.04107579462102695,0.15354523227383865
000935.SZ,20251118,0.022004889975550057,0.05281173594132049,0.04107579462102695,0.15354523227383865
000935.SZ,20251118,0.022004889975550057,0.05281173594132049,0.04107579462102695,0.15354523227383865
000935.SZ,20251118,0.022004889975550057,0.05281173594132049,0.04107579462102695,0.15354523227383865
000935.SZ,20251120,-0.011147236414305706,0.03111936832326978,0.09568044588945646,0.05387830933581039
000935.SZ,20251120,-0.011147236414305706,0.03111936832326978,0.09568044588945646,0.05387830933581039
000935.SZ,20251120,-0.011147236414305706,0.03111936832326978,0.09568044588945646,0.05387830933581039
000935.SZ,20251120,-0.011147236414305706,0.03111936832326978,0.09568044588945646,0.05387830933581039
000935.SZ,20251120,-0.011147236414305706,0.03111936832326978,0.09568044588945646,0.05387830933581039
000935.SZ,20251120,-0.011147236414305706,0.03111936832326978,0.09568044588945646,0.05387830933581039
000952.SZ,20240927,0.07509157509157505,0.10805860805860812,0.001831501831501825,-0.01831501831501825
000980.SZ,20250708,-0.01449275362318836,-0.03864734299516903,-0.02898550724637683,-0.05797101449275355
000980.SZ,20250708,-0.01449275362318836,-0.03864734299516903,-0.02898550724637683,-0.05797101449275355
000980.SZ,20250710,0.010050251256281229,-0.005025125628140725,-0.02010050251256279,0.0
000980.SZ,20250710,0.010050251256281229,-0.005025125628140725,-0.02010050251256279,0.0
000980.SZ,20251223,-0.02088772845953002,-0.018276762402088864,-0.026109660574412552,-0.06527415143603132
000981.SZ,20240726,0.10465116279069764,0.2209302325581397,0.34883720930232553,0.6395348837209303
000981.SZ,20250226,-0.012499999999999956,-0.07499999999999984,-0.06666666666666654,-0.08333333333333326
000988.SZ,20250708,0.053193857111061726,0.050077898953928335,0.03138215001112843,0.07433785889160927
001203.SZ,20260106,-0.02987056090275464,-0.06505144374377692,-0.07334882177231983,0.012280119482243723
001208.SZ,20250526,0.006606361470484989,-0.0018888878342334658,0.0982031835828121,0.02037910643265972
001208.SZ,20250526,0.006606361470484989,-0.0018888878342334658,0.0982031835828121,0.02037910643265972
001208.SZ,20250526,0.006606361470484989,-0.0018888878342334658,0.0982031835828121,0.02037910643265972
001208.SZ,20250526,0.006606361470484989,-0.0018888878342334658,0.0982031835828121,0.02037910643265972
001208.SZ,20250526,0.006606361470484989,-0.0018888878342334658,0.0982031835828121,0.02037910643265972
001208.SZ,20250526,0.006606361470484989,-0.0018888878342334658,0.0982031835828121,0.02037910643265972
001208.SZ,20250526,0.006606361470484989,-0.0018888878342334658,0.0982031835828121,0.02037910643265972
001208.SZ,20250526,0.006606361470484989,-0.0018888878342334658,0.0982031835828121,0.02037910643265972
001208.SZ,20250526,0.006606361470484989,-0.0018888878342334658,0.0982031835828121,0.02037910643265972
001208.SZ,20250526,0.006606361470484989,-0.0018888878342334658,0.0982031835828121,0.02037910643265972
001208.SZ,20250526,0.006606361470484989,-0.0018888878342334658,0.0982031835828121,0.02037910643265972
001208.SZ,20250526,0.006606361470484989,-0.0018888878342334658,0.0982031835828121,0.02037910643265972
001208.SZ,20250526,0.006606361470484989,-0.0018888878342334658,0.0982031835828121,0.02037910643265972
001208.SZ,20250526,0.006606361470484989,-0.0018888878342334658,0.0982031835828121,0.02037910643265972
001208.SZ,20250526,0.006606361470484989,-0.0018888878342334658,0.0982031835828121,0.02037910643265972
001208.SZ,20250526,0.006606361470484989,-0.0018888878342334658,0.0982031835828121,0.02037910643265972
001212.SZ,20240305,-0.0029157839586323453,0.003562723524453748,0.0009704093487323817,-0.009070821658807793
001212.SZ,20240305,-0.0029157839586323453,0.003562723524453748,0.0009704093487323817,-0.009070821658807793
001212.SZ,20240305,-0.0029157839586323453,0.003562723524453748,0.0009704093487323817,-0.009070821658807793
001212.SZ,20241008,-0.09979199107537129,-0.10976828503032976,-0.14220140841797002,-0.12016292095660863
001212.SZ,20241008,-0.09979199107537129,-0.10976828503032976,-0.14220140841797002,-0.12016292095660863
001212.SZ,20250127,-0.02195792522767992,-0.01712816358592928,-0.02151606647519444,0.018005744163782422
001212.SZ,20250221,-0.039487745382739026,-0.024939017307468947,-0.023277964920432104,-0.06899756069229868
001212.SZ,20250310,-0.0032869262936895405,0.020931926781278865,0.059113046171849426,0.06403483109329011
001212.SZ,20250310,-0.0032869262936895405,0.020931926781278865,0.059113046171849426,0.06403483109329011
001212.SZ,20250919,0.014595941616233565,0.016375934496261957,0.07956568173727296,0.062477750088999695
001212.SZ,20250919,0.014595941616233565,0.016375934496261957,0.07956568173727296,0.062477750088999695
001216.SZ,20250117,0.012025986048203041,0.03368102621747604,0.007215591628921825,0.007215591628921825
001216.SZ,20250117,0.012025986048203041,0.03368102621747604,0.007215591628921825,0.007215591628921825
001216.SZ,20250117,0.012025986048203041,0.03368102621747604,0.007215591628921825,0.007215591628921825
001216.SZ,20250117,0.012025986048203041,0.03368102621747604,0.007215591628921825,0.007215591628921825
001216.SZ,20250117,0.012025986048203041,0.03368102621747604,0.007215591628921825,0.007215591628921825
001216.SZ,20250117,0.012025986048203041,0.03368102621747604,0.007215591628921825,0.007215591628921825
001216.SZ,20250121,-0.025603096039595985,-0.029481141504681507,-0.025603096039595985,-0.025603096039595985
001216.SZ,20250121,-0.025603096039595985,-0.029481141504681507,-0.025603096039595985,-0.025603096039595985
001216.SZ,20250121,-0.025603096039595985,-0.029481141504681507,-0.025603096039595985,-0.025603096039595985
001216.SZ,20250121,-0.025603096039595985,-0.029481141504681507,-0.025603096039595985,-0.025603096039595985
001222.SZ,20250701,-0.05923000987166849,-0.052319842053307086,-0.06959526159921026,-0.07551826258637717
001225.SZ,20260105,0.10001590077913836,0.10717125139131811,0.16775321990777536,0.2871680712354905
001225.SZ,20260106,0.0065047701647873435,0.06157849089332168,0.06374674761491761,0.12763804567794157
001225.SZ,20260106,0.0065047701647873435,0.06157849089332168,0.06374674761491761,0.12763804567794157
001225.SZ,20260209,0.011737688185761597,0.012120438887471385,0.016075529471804018,0.052564429701454474
001226.SZ,20251212,0.033937703393770224,0.05880985588098553,0.018363551836355185,0.01789865178986516
001227.SZ,20240118,-0.011492982180137501,-0.03448319847610615,-0.03448319847610615,0.011492982180137501
001227.SZ,20240124,0.02325321312434392,0.04263519209924138,0.03100428416579204,0.0
001227.SZ,20240124,0.02325321312434392,0.04263519209924138,0.03100428416579204,0.0
001227.SZ,20240125,0.018941527596788577,0.0075749295893061674,-0.011362394383958918,-0.03787885157005322
001228.SZ,20240509,-0.016251236547858205,0.013069936149165073,0.07947630324650024,-0.00212086693246194
001228.SZ,20240509,-0.016251236547858205,0.013069936149165073,0.07947630324650024,-0.00212086693246194
001228.SZ,20240509,-0.016251236547858205,0.013069936149165073,0.07947630324650024,-0.00212086693246194
001228.SZ,20240510,0.029805549736225734,0.09730893023787313,0.054579389414744606,0.016519702134953462
001229.SZ,20240313,0.1001403565752994,0.06610968692363905,0.0747572759224675,0.06192508902782756
001236.SZ,20240117,-0.017324587412076986,-0.07566620747539066,-0.11759736527601639,0.0009031775428096633
001236.SZ,20240117,-0.017324587412076986,-0.07566620747539066,-0.11759736527601639,0.0009031775428096633
001236.SZ,20240117,-0.017324587412076986,-0.07566620747539066,-0.11759736527601639,0.0009031775428096633
001236.SZ,20240117,-0.017324587412076986,-0.07566620747539066,-0.11759736527601639,0.0009031775428096633
001236.SZ,20240117,-0.017324587412076986,-0.07566620747539066,-0.11759736527601639,0.0009031775428096633
001236.SZ,20240117,-0.017324587412076986,-0.07566620747539066,-0.11759736527601639,0.0009031775428096633
001236.SZ,20240329,0.021783974975888354,0.015560130436001351,-0.0010371343945533296,-0.008299151501560909
001236.SZ,20240329,0.021783974975888354,0.015560130436001351,-0.0010371343945533296,-0.008299151501560909
001236.SZ,20240329,0.021783974975888354,0.015560130436001351,-0.0010371343945533296,-0.008299151501560909
001236.SZ,20240329,0.021783974975888354,0.015560130436001351,-0.0010371343945533296,-0.008299151501560909
001236.SZ,20240329,0.021783974975888354,0.015560130436001351,-0.0010371343945533296,-0.008299151501560909
001236.SZ,20240329,0.021783974975888354,0.015560130436001351,-0.0010371343945533296,-0.008299151501560909
001236.SZ,20240726,0.0,-0.004532315804750664,0.0951665376614581,0.07099620240917215
001236.SZ,20240726,0.0,-0.004532315804750664,0.0951665376614581,0.07099620240917215
001236.SZ,20240726,0.0,-0.004532315804750664,0.0951665376614581,0.07099620240917215
001236.SZ,20240726,0.0,-0.004532315804750664,0.0951665376614581,0.07099620240917215
001236.SZ,20240726,0.0,-0.004532315804750664,0.0951665376614581,0.07099620240917215
001236.SZ,20240819,-0.038910414922408876,-0.06225718309676331,-0.09857279152631471,-0.0959792830857299
001236.SZ,20240819,-0.038910414922408876,-0.06225718309676331,-0.09857279152631471,-0.0959792830857299
001236.SZ,20240819,-0.038910414922408876,-0.06225718309676331,-0.09857279152631471,-0.0959792830857299
001236.SZ,20240819,-0.038910414922408876,-0.06225718309676331,-0.09857279152631471,-0.0959792830857299
001236.SZ,20240819,-0.038910414922408876,-0.06225718309676331,-0.09857279152631471,-0.0959792830857299
001236.SZ,20241029,-0.034570809617554765,0.0288048895002595,-0.0740755994497665,-0.016457583420508515
001236.SZ,20250114,0.10010487145895475,0.13493134349813296,0.10228288722125489,0.07508164836588938
001236.SZ,20250114,0.10010487145895475,0.13493134349813296,0.10228288722125489,0.07508164836588938
001236.SZ,20250114,0.10010487145895475,0.13493134349813296,0.10228288722125489,0.07508164836588938
001236.SZ,20250114,0.10010487145895475,0.13493134349813296,0.10228288722125489,0.07508164836588938
001236.SZ,20250114,0.10010487145895475,0.13493134349813296,0.10228288722125489,0.07508164836588938
001236.SZ,20250115,0.031657410982092404,0.001979825577366645,-0.011866084597947024,-0.011866084597947024
001236.SZ,20250115,0.031657410982092404,0.001979825577366645,-0.011866084597947024,-0.011866084597947024
001236.SZ,20250115,0.031657410982092404,0.001979825577366645,-0.011866084597947024,-0.011866084597947024
001236.SZ,20250115,0.031657410982092404,0.001979825577366645,-0.011866084597947024,-0.011866084597947024
001236.SZ,20250115,0.031657410982092404,0.001979825577366645,-0.011866084597947024,-0.011866084597947024
001236.SZ,20250115,0.031657410982092404,0.001979825577366645,-0.011866084597947024,-0.011866084597947024
001236.SZ,20250115,0.031657410982092404,0.001979825577366645,-0.011866084597947024,-0.011866084597947024
001236.SZ,20250115,0.031657410982092404,0.001979825577366645,-0.011866084597947024,-0.011866084597947024
001236.SZ,20250605,-0.024342707906994776,0.033103354187374645,0.0029234637198154445,0.05453234325362044
001236.SZ,20250916,0.011666666666666714,-0.04249999999999998,-0.05666666666666664,-0.07416666666666671
001236.SZ,20250916,0.011666666666666714,-0.04249999999999998,-0.05666666666666664,-0.07416666666666671
001236.SZ,20250929,-0.017761989342806372,-0.0248667850799289,-0.01687388987566607,-0.031083481349911124
001236.SZ,20250929,-0.017761989342806372,-0.0248667850799289,-0.01687388987566607,-0.031083481349911124
001236.SZ,20251023,-0.021739130434782594,-0.02782608695652178,-0.020000000000000018,-0.02347826086956517
001236.SZ,20251023,-0.021739130434782594,-0.02782608695652178,-0.020000000000000018,-0.02347826086956517
001236.SZ,20251023,-0.021739130434782594,-0.02782608695652178,-0.020000000000000018,-0.02347826086956517
001236.SZ,20251023,-0.021739130434782594,-0.02782608695652178,-0.020000000000000018,-0.02347826086956517
001236.SZ,20251023,-0.021739130434782594,-0.02782608695652178,-0.020000000000000018,-0.02347826086956517
001236.SZ,20251114,0.005420054200542035,-0.012646793134598044,-0.04516711833785003,-0.10298102981029811
001236.SZ,20251205,0.04506232023010548,0.015340364333652934,0.011505273250239867,-0.004793863854266389
001236.SZ,20251205,0.04506232023010548,0.015340364333652934,0.011505273250239867,-0.004793863854266389
001236.SZ,20251205,0.04506232023010548,0.015340364333652934,0.011505273250239867,-0.004793863854266389
001236.SZ,20251205,0.04506232023010548,0.015340364333652934,0.011505273250239867,-0.004793863854266389
001236.SZ,20251205,0.04506232023010548,0.015340364333652934,0.011505273250239867,-0.004793863854266389
001236.SZ,20251205,0.04506232023010548,0.015340364333652934,0.011505273250239867,-0.004793863854266389
001236.SZ,20251205,0.04506232023010548,0.015340364333652934,0.011505273250239867,-0.004793863854266389
001236.SZ,20251205,0.04506232023010548,0.015340364333652934,0.011505273250239867,-0.004793863854266389
001236.SZ,20251205,0.04506232023010548,0.015340364333652934,0.011505273250239867,-0.004793863854266389
001236.SZ,20251205,0.04506232023010548,0.015340364333652934,0.011505273250239867,-0.004793863854266389
001236.SZ,20251205,0.04506232023010548,0.015340364333652934,0.011505273250239867,-0.004793863854266389
001236.SZ,20251208,-0.028440366972477094,-0.032110091743119185,-0.059633027522935755,-0.055963302752293664
001239.SZ,20250702,0.007275132275132323,-0.012566137566137559,-0.006613756613756627,-0.004629629629629539
001239.SZ,20250702,0.007275132275132323,-0.012566137566137559,-0.006613756613756627,-0.004629629629629539
001239.SZ,20250702,0.007275132275132323,-0.012566137566137559,-0.006613756613756627,-0.004629629629629539
001239.SZ,20250702,0.007275132275132323,-0.012566137566137559,-0.006613756613756627,-0.004629629629629539
001239.SZ,20250702,0.007275132275132323,-0.012566137566137559,-0.006613756613756627,-0.004629629629629539
001239.SZ,20250702,0.007275132275132323,-0.012566137566137559,-0.006613756613756627,-0.004629629629629539
001239.SZ,20250702,0.007275132275132323,-0.012566137566137559,-0.006613756613756627,-0.004629629629629539
001239.SZ,20250702,0.007275132275132323,-0.012566137566137559,-0.006613756613756627,-0.004629629629629539
001239.SZ,20250702,0.007275132275132323,-0.012566137566137559,-0.006613756613756627,-0.004629629629629539
001239.SZ,20250702,0.007275132275132323,-0.012566137566137559,-0.006613756613756627,-0.004629629629629539
001255.SZ,20260203,-0.013435700575815779,-0.05710172744721698,-0.047264875239923176,-0.03430902111324374
001268.SZ,20250807,0.05369774919614145,0.10385852090032133,0.09035369774919588,0.059485530546623755
001268.SZ,20250807,0.05369774919614145,0.10385852090032133,0.09035369774919588,0.059485530546623755
001268.SZ,20250807,0.05369774919614145,0.10385852090032133,0.09035369774919588,0.059485530546623755
001268.SZ,20250807,0.05369774919614145,0.10385852090032133,0.09035369774919588,0.059485530546623755
001268.SZ,20250807,0.05369774919614145,0.10385852090032133,0.09035369774919588,0.059485530546623755
001268.SZ,20250807,0.05369774919614145,0.10385852090032133,0.09035369774919588,0.059485530546623755
001268.SZ,20250807,0.05369774919614145,0.10385852090032133,0.09035369774919588,0.059485530546623755
001268.SZ,20250807,0.05369774919614145,0.10385852090032133,0.09035369774919588,0.059485530546623755
001268.SZ,20251225,0.019245773732119442,-0.025487646293888222,-0.02678803641092331,-0.06475942782834854
001268.SZ,20251225,0.019245773732119442,-0.025487646293888222,-0.02678803641092331,-0.06475942782834854
001268.SZ,20251225,0.019245773732119442,-0.025487646293888222,-0.02678803641092331,-0.06475942782834854
001268.SZ,20251225,0.019245773732119442,-0.025487646293888222,-0.02678803641092331,-0.06475942782834854
001268.SZ,20251225,0.019245773732119442,-0.025487646293888222,-0.02678803641092331,-0.06475942782834854
001268.SZ,20251225,0.019245773732119442,-0.025487646293888222,-0.02678803641092331,-0.06475942782834854
001268.SZ,20251225,0.019245773732119442,-0.025487646293888222,-0.02678803641092331,-0.06475942782834854
001269.SZ,20240925,0.04409246575342474,0.13912671232876717,0.25299657534246567,0.21018835616438358
001269.SZ,20250702,-0.003200568990042618,-0.06223328591749644,-0.05120910384068278,0.05476529160739685
001269.SZ,20250702,-0.003200568990042618,-0.06223328591749644,-0.05120910384068278,0.05476529160739685
001269.SZ,20250702,-0.003200568990042618,-0.06223328591749644,-0.05120910384068278,0.05476529160739685
001269.SZ,20250702,-0.003200568990042618,-0.06223328591749644,-0.05120910384068278,0.05476529160739685
001269.SZ,20250702,-0.003200568990042618,-0.06223328591749644,-0.05120910384068278,0.05476529160739685
001269.SZ,20250702,-0.003200568990042618,-0.06223328591749644,-0.05120910384068278,0.05476529160739685
001269.SZ,20250702,-0.003200568990042618,-0.06223328591749644,-0.05120910384068278,0.05476529160739685
001269.SZ,20250702,-0.003200568990042618,-0.06223328591749644,-0.05120910384068278,0.05476529160739685
001269.SZ,20250702,-0.003200568990042618,-0.06223328591749644,-0.05120910384068278,0.05476529160739685
001269.SZ,20250702,-0.003200568990042618,-0.06223328591749644,-0.05120910384068278,0.05476529160739685
001269.SZ,20250702,-0.003200568990042618,-0.06223328591749644,-0.05120910384068278,0.05476529160739685
001269.SZ,20250702,-0.003200568990042618,-0.06223328591749644,-0.05120910384068278,0.05476529160739685
001269.SZ,20250702,-0.003200568990042618,-0.06223328591749644,-0.05120910384068278,0.05476529160739685
001269.SZ,20250702,-0.003200568990042618,-0.06223328591749644,-0.05120910384068278,0.05476529160739685
001269.SZ,20250702,-0.003200568990042618,-0.06223328591749644,-0.05120910384068278,0.05476529160739685
001269.SZ,20250702,-0.003200568990042618,-0.06223328591749644,-0.05120910384068278,0.05476529160739685
001269.SZ,20250722,-0.03258145363408527,-0.020766201217328972,-0.04189044038668088,-0.03186537773003939
001269.SZ,20250904,0.03556187766714092,0.04800853485064005,0.03307254623044087,0.019914651493598834
001269.SZ,20250905,0.012019230769230616,-0.0024038461538461453,-0.015453296703296648,-0.03468406593406603
001269.SZ,20250905,0.012019230769230616,-0.0024038461538461453,-0.015453296703296648,-0.03468406593406603
001269.SZ,20250905,0.012019230769230616,-0.0024038461538461453,-0.015453296703296648,-0.03468406593406603
001277.SZ,20260106,-0.011330049261083719,-0.014778325123152691,-0.005418719211822687,0.002216748768472776
001277.SZ,20260106,-0.011330049261083719,-0.014778325123152691,-0.005418719211822687,0.002216748768472776
001277.SZ,20260106,-0.011330049261083719,-0.014778325123152691,-0.005418719211822687,0.002216748768472776
001277.SZ,20260106,-0.011330049261083719,-0.014778325123152691,-0.005418719211822687,0.002216748768472776
001277.SZ,20260106,-0.011330049261083719,-0.014778325123152691,-0.005418719211822687,0.002216748768472776
001277.SZ,20260106,-0.011330049261083719,-0.014778325123152691,-0.005418719211822687,0.002216748768472776
001277.SZ,20260106,-0.011330049261083719,-0.014778325123152691,-0.005418719211822687,0.002216748768472776
001277.SZ,20260106,-0.011330049261083719,-0.014778325123152691,-0.005418719211822687,0.002216748768472776
001277.SZ,20260106,-0.011330049261083719,-0.014778325123152691,-0.005418719211822687,0.002216748768472776
001277.SZ,20260106,-0.011330049261083719,-0.014778325123152691,-0.005418719211822687,0.002216748768472776
001277.SZ,20260106,-0.011330049261083719,-0.014778325123152691,-0.005418719211822687,0.002216748768472776
001277.SZ,20260106,-0.011330049261083719,-0.014778325123152691,-0.005418719211822687,0.002216748768472776
001277.SZ,20260106,-0.011330049261083719,-0.014778325123152691,-0.005418719211822687,0.002216748768472776
001277.SZ,20260106,-0.011330049261083719,-0.014778325123152691,-0.005418719211822687,0.002216748768472776
001277.SZ,20260106,-0.011330049261083719,-0.014778325123152691,-0.005418719211822687,0.002216748768472776
001283.SZ,20240109,-0.019777040482917396,-0.01121972313306785,-0.024719846266911483,-0.09165230105158229
001283.SZ,20240313,-0.01774929188942509,-0.017249599098513424,0.004999477362132021,0.10675069663803627
001283.SZ,20240313,-0.01774929188942509,-0.017249599098513424,0.004999477362132021,0.10675069663803627
001283.SZ,20240313,-0.01774929188942509,-0.017249599098513424,0.004999477362132021,0.10675069663803627
001283.SZ,20240313,-0.01774929188942509,-0.017249599098513424,0.004999477362132021,0.10675069663803627
001288.SZ,20240717,-0.012754507510752355,0.016875357528761237,0.022500476705014982,-0.05476810949384514
001288.SZ,20250721,0.03818615751789989,-0.007159904534606132,-0.021002386634844772,-0.042004773269689655
001288.SZ,20250721,0.03818615751789989,-0.007159904534606132,-0.021002386634844772,-0.042004773269689655
001288.SZ,20250721,0.03818615751789989,-0.007159904534606132,-0.021002386634844772,-0.042004773269689655
001288.SZ,20250721,0.03818615751789989,-0.007159904534606132,-0.021002386634844772,-0.042004773269689655
001288.SZ,20250721,0.03818615751789989,-0.007159904534606132,-0.021002386634844772,-0.042004773269689655
001288.SZ,20250721,0.03818615751789989,-0.007159904534606132,-0.021002386634844772,-0.042004773269689655
001288.SZ,20250721,0.03818615751789989,-0.007159904534606132,-0.021002386634844772,-0.042004773269689655
001288.SZ,20250721,0.03818615751789989,-0.007159904534606132,-0.021002386634844772,-0.042004773269689655
001288.SZ,20250721,0.03818615751789989,-0.007159904534606132,-0.021002386634844772,-0.042004773269689655
001288.SZ,20250721,0.03818615751789989,-0.007159904534606132,-0.021002386634844772,-0.042004773269689655
001288.SZ,20250721,0.03818615751789989,-0.007159904534606132,-0.021002386634844772,-0.042004773269689655
001288.SZ,20250721,0.03818615751789989,-0.007159904534606132,-0.021002386634844772,-0.042004773269689655
001288.SZ,20250721,0.03818615751789989,-0.007159904534606132,-0.021002386634844772,-0.042004773269689655
001288.SZ,20250721,0.03818615751789989,-0.007159904534606132,-0.021002386634844772,-0.042004773269689655
001296.SZ,20251113,-0.0065524255940714315,-0.018844412901841467,0.0,-0.049976686898862366
001296.SZ,20251113,-0.0065524255940714315,-0.018844412901841467,0.0,-0.049976686898862366
001296.SZ,20251113,-0.0065524255940714315,-0.018844412901841467,0.0,-0.049976686898862366
001296.SZ,20251113,-0.0065524255940714315,-0.018844412901841467,0.0,-0.049976686898862366
001296.SZ,20251113,-0.0065524255940714315,-0.018844412901841467,0.0,-0.049976686898862366
001296.SZ,20251113,-0.0065524255940714315,-0.018844412901841467,0.0,-0.049976686898862366
001296.SZ,20251113,-0.0065524255940714315,-0.018844412901841467,0.0,-0.049976686898862366
001296.SZ,20251113,-0.0065524255940714315,-0.018844412901841467,0.0,-0.049976686898862366
001296.SZ,20251216,0.0617372577171571,0.03625269203158665,0.02943287867910982,-0.01615218951902364
001296.SZ,20251217,-0.024002704530087793,-0.030425963488843744,-0.05273833671399586,-0.06321839080459757
001301.SZ,20250211,-0.002089072012221971,0.006269145004359489,-0.016712576097775544,-0.046532487673896505
001309.SZ,20240603,-0.029577810104444158,-0.05076902960069296,-0.06264690018142882,-0.018981383109135108
001309.SZ,20250430,0.016705374734455436,0.0007837007848014999,0.007136960517770907,-0.01090246667620609
001309.SZ,20250604,0.09999924616107525,0.06768091505994267,0.08191590675515048,0.07770822915698194
001309.SZ,20250604,0.09999924616107525,0.06768091505994267,0.08191590675515048,0.07770822915698194
001309.SZ,20250604,0.09999924616107525,0.06768091505994267,0.08191590675515048,0.07770822915698194
001309.SZ,20250604,0.09999924616107525,0.06768091505994267,0.08191590675515048,0.07770822915698194
001309.SZ,20250604,0.09999924616107525,0.06768091505994267,0.08191590675515048,0.07770822915698194
001309.SZ,20250604,0.09999924616107525,0.06768091505994267,0.08191590675515048,0.07770822915698194
001309.SZ,20250604,0.09999924616107525,0.06768091505994267,0.08191590675515048,0.07770822915698194
001309.SZ,20250604,0.09999924616107525,0.06768091505994267,0.08191590675515048,0.07770822915698194
001309.SZ,20250604,0.09999924616107525,0.06768091505994267,0.08191590675515048,0.07770822915698194
001309.SZ,20250604,0.09999924616107525,0.06768091505994267,0.08191590675515048,0.07770822915698194
001309.SZ,20250604,0.09999924616107525,0.06768091505994267,0.08191590675515048,0.07770822915698194
001309.SZ,20250604,0.09999924616107525,0.06768091505994267,0.08191590675515048,0.07770822915698194
001309.SZ,20250604,0.09999924616107525,0.06768091505994267,0.08191590675515048,0.07770822915698194
001309.SZ,20250604,0.09999924616107525,0.06768091505994267,0.08191590675515048,0.07770822915698194
001309.SZ,20250604,0.09999924616107525,0.06768091505994267,0.08191590675515048,0.07770822915698194
001309.SZ,20250604,0.09999924616107525,0.06768091505994267,0.08191590675515048,0.07770822915698194
001309.SZ,20250605,-0.02938032113560196,-0.016439410725993087,-0.03548413624848379,-0.0019531294616444983
001309.SZ,20250605,-0.02938032113560196,-0.016439410725993087,-0.03548413624848379,-0.0019531294616444983
001309.SZ,20250605,-0.02938032113560196,-0.016439410725993087,-0.03548413624848379,-0.0019531294616444983
001309.SZ,20250605,-0.02938032113560196,-0.016439410725993087,-0.03548413624848379,-0.0019531294616444983
001309.SZ,20250605,-0.02938032113560196,-0.016439410725993087,-0.03548413624848379,-0.0019531294616444983
001309.SZ,20250605,-0.02938032113560196,-0.016439410725993087,-0.03548413624848379,-0.0019531294616444983
001309.SZ,20250605,-0.02938032113560196,-0.016439410725993087,-0.03548413624848379,-0.0019531294616444983
001309.SZ,20250605,-0.02938032113560196,-0.016439410725993087,-0.03548413624848379,-0.0019531294616444983
001309.SZ,20250605,-0.02938032113560196,-0.016439410725993087,-0.03548413624848379,-0.0019531294616444983
001309.SZ,20250605,-0.02938032113560196,-0.016439410725993087,-0.03548413624848379,-0.0019531294616444983
001309.SZ,20250901,-0.06443071491615171,-0.0968912425223104,-0.14798470138275965,-0.06129253702069237
001309.SZ,20250901,-0.06443071491615171,-0.0968912425223104,-0.14798470138275965,-0.06129253702069237
001309.SZ,20250901,-0.06443071491615171,-0.0968912425223104,-0.14798470138275965,-0.06129253702069237
001309.SZ,20250915,0.06437113052328058,0.11517258926299734,0.08718514120939691,0.31549486896785695
001309.SZ,20250915,0.06437113052328058,0.11517258926299734,0.08718514120939691,0.31549486896785695
001309.SZ,20250915,0.06437113052328058,0.11517258926299734,0.08718514120939691,0.31549486896785695
001309.SZ,20250915,0.06437113052328058,0.11517258926299734,0.08718514120939691,0.31549486896785695
001309.SZ,20250915,0.06437113052328058,0.11517258926299734,0.08718514120939691,0.31549486896785695
001309.SZ,20250915,0.06437113052328058,0.11517258926299734,0.08718514120939691,0.31549486896785695
001309.SZ,20250915,0.06437113052328058,0.11517258926299734,0.08718514120939691,0.31549486896785695
001309.SZ,20250916,0.04772908366533879,0.02143426294820716,0.12358565737051785,0.3595219123505977
001309.SZ,20250916,0.04772908366533879,0.02143426294820716,0.12358565737051785,0.3595219123505977
001309.SZ,20251208,0.0012588795971584243,-0.023559032461109575,-0.023963672331624775,-0.08236669364265803
001309.SZ,20251208,0.0012588795971584243,-0.023559032461109575,-0.023963672331624775,-0.08236669364265803
001309.SZ,20251208,0.0012588795971584243,-0.023559032461109575,-0.023963672331624775,-0.08236669364265803
001309.SZ,20251208,0.0012588795971584243,-0.023559032461109575,-0.023963672331624775,-0.08236669364265803
001309.SZ,20251208,0.0012588795971584243,-0.023559032461109575,-0.023963672331624775,-0.08236669364265803
001309.SZ,20251208,0.0012588795971584243,-0.023559032461109575,-0.023963672331624775,-0.08236669364265803
001309.SZ,20251208,0.0012588795971584243,-0.023559032461109575,-0.023963672331624775,-0.08236669364265803
001309.SZ,20251208,0.0012588795971584243,-0.023559032461109575,-0.023963672331624775,-0.08236669364265803
001309.SZ,20251208,0.0012588795971584243,-0.023559032461109575,-0.023963672331624775,-0.08236669364265803
001309.SZ,20251208,0.0012588795971584243,-0.023559032461109575,-0.023963672331624775,-0.08236669364265803
001309.SZ,20251208,0.0012588795971584243,-0.023559032461109575,-0.023963672331624775,-0.08236669364265803
001309.SZ,20251208,0.0012588795971584243,-0.023559032461109575,-0.023963672331624775,-0.08236669364265803
001309.SZ,20251208,0.0012588795971584243,-0.023559032461109575,-0.023963672331624775,-0.08236669364265803
001309.SZ,20251208,0.0012588795971584243,-0.023559032461109575,-0.023963672331624775,-0.08236669364265803
001309.SZ,20251208,0.0012588795971584243,-0.023559032461109575,-0.023963672331624775,-0.08236669364265803
001309.SZ,20251208,0.0012588795971584243,-0.023559032461109575,-0.023963672331624775,-0.08236669364265803
001309.SZ,20251208,0.0012588795971584243,-0.023559032461109575,-0.023963672331624775,-0.08236669364265803
001313.SZ,20240822,0.002836405626161831,0.015603110543509935,-0.005674251052133705,0.009928859491376452
001313.SZ,20240822,0.002836405626161831,0.015603110543509935,-0.005674251052133705,0.009928859491376452
001313.SZ,20240822,0.002836405626161831,0.015603110543509935,-0.005674251052133705,0.009928859491376452
001313.SZ,20240830,-0.030086745340982657,-0.007163580044936002,-0.017192010412349412,-0.030086745340982657
001313.SZ,20240830,-0.030086745340982657,-0.007163580044936002,-0.017192010412349412,-0.030086745340982657
001313.SZ,20240830,-0.030086745340982657,-0.007163580044936002,-0.017192010412349412,-0.030086745340982657
001313.SZ,20240830,-0.030086745340982657,-0.007163580044936002,-0.017192010412349412,-0.030086745340982657
001313.SZ,20241209,0.021765064275482526,0.01374574442356713,0.016037476978029153,0.05040183803694687
001313.SZ,20250310,0.024286377312420226,0.07919922911278299,0.019007429114712204,-0.001056861507196194
001319.SZ,20240208,0.06258743215264961,0.09286693525823964,0.12583934866543567,0.21332046332046328
001319.SZ,20241212,-0.026125516573467844,-0.0894841230356942,-0.15186099115772156,-0.15479957281115475
001319.SZ,20241212,-0.026125516573467844,-0.0894841230356942,-0.15186099115772156,-0.15479957281115475
001324.SZ,20240320,-0.026002521263184808,-0.0866803899979256,-0.12450731645044455,-0.1552411955255557
001324.SZ,20250217,-0.021810957758260252,-0.012980970305311645,-0.03219364282726889,0.005191342534504262
001324.SZ,20250217,-0.021810957758260252,-0.012980970305311645,-0.03219364282726889,0.005191342534504262
001324.SZ,20250217,-0.021810957758260252,-0.012980970305311645,-0.03219364282726889,0.005191342534504262
001324.SZ,20250217,-0.021810957758260252,-0.012980970305311645,-0.03219364282726889,0.005191342534504262
001324.SZ,20250217,-0.021810957758260252,-0.012980970305311645,-0.03219364282726889,0.005191342534504262
001324.SZ,20250217,-0.021810957758260252,-0.012980970305311645,-0.03219364282726889,0.005191342534504262
001324.SZ,20250508,-0.006498250051789722,0.008662516218367555,0.0,-0.01894959494968218
001324.SZ,20250508,-0.006498250051789722,0.008662516218367555,0.0,-0.01894959494968218
001324.SZ,20250508,-0.006498250051789722,0.008662516218367555,0.0,-0.01894959494968218
001324.SZ,20250617,-0.02237481964409771,-0.03516272110297658,-0.04901405440068407,0.0021322075562442144
001330.SZ,20241213,-0.035335689045936425,-0.13191990577149593,-0.11778563015312127,-0.1813898704358068
001330.SZ,20241213,-0.035335689045936425,-0.13191990577149593,-0.11778563015312127,-0.1813898704358068
001330.SZ,20241213,-0.035335689045936425,-0.13191990577149593,-0.11778563015312127,-0.1813898704358068
001330.SZ,20250910,-0.010067114093959662,0.005033557046979942,-0.030201342281879096,-0.025167785234899376
001330.SZ,20250919,-0.03359999999999996,-0.04480000000000006,0.051200000000000134,0.02719999999999989
001330.SZ,20250919,-0.03359999999999996,-0.04480000000000006,0.051200000000000134,0.02719999999999989
001330.SZ,20250919,-0.03359999999999996,-0.04480000000000006,0.051200000000000134,0.02719999999999989
001330.SZ,20250919,-0.03359999999999996,-0.04480000000000006,0.051200000000000134,0.02719999999999989
001330.SZ,20250919,-0.03359999999999996,-0.04480000000000006,0.051200000000000134,0.02719999999999989
001330.SZ,20250919,-0.03359999999999996,-0.04480000000000006,0.051200000000000134,0.02719999999999989
001330.SZ,20250919,-0.03359999999999996,-0.04480000000000006,0.051200000000000134,0.02719999999999989
001330.SZ,20250919,-0.03359999999999996,-0.04480000000000006,0.051200000000000134,0.02719999999999989
001330.SZ,20250919,-0.03359999999999996,-0.04480000000000006,0.051200000000000134,0.02719999999999989
001330.SZ,20250919,-0.03359999999999996,-0.04480000000000006,0.051200000000000134,0.02719999999999989
001330.SZ,20250919,-0.03359999999999996,-0.04480000000000006,0.051200000000000134,0.02719999999999989
001330.SZ,20250919,-0.03359999999999996,-0.04480000000000006,0.051200000000000134,0.02719999999999989
001330.SZ,20250919,-0.03359999999999996,-0.04480000000000006,0.051200000000000134,0.02719999999999989
001330.SZ,20250919,-0.03359999999999996,-0.04480000000000006,0.051200000000000134,0.02719999999999989
001330.SZ,20251020,0.01794453507340954,0.0016313213703098572,0.00815660685154973,0.019575856443719397
001330.SZ,20251020,0.01794453507340954,0.0016313213703098572,0.00815660685154973,0.019575856443719397
001330.SZ,20260113,0.05598243688254656,-0.01866081229418226,-0.09659714599341374,-0.07793633369923147
001330.SZ,20260113,0.05598243688254656,-0.01866081229418226,-0.09659714599341374,-0.07793633369923147
001330.SZ,20260113,0.05598243688254656,-0.01866081229418226,-0.09659714599341374,-0.07793633369923147
001336.SZ,20251219,0.09992401215805469,0.21010638297872353,0.08928571428571441,-0.026215805471124676
001336.SZ,20251219,0.09992401215805469,0.21010638297872353,0.08928571428571441,-0.026215805471124676
001336.SZ,20251222,0.10017271157167529,-0.00967184801381682,-0.07806563039723657,-0.14438687392055272
001336.SZ,20260227,-0.03768413840356288,-0.07399794450154162,-0.09009934909215489,-0.04830421377183969
001337.SZ,20240705,-0.01437287088442496,0.002539922257784877,-0.00803164605840112,0.03255991556474669
001337.SZ,20240801,0.010831698572684845,-0.01958330514780493,-0.029582121355611224,-0.03833372793073131
001337.SZ,20240801,0.010831698572684845,-0.01958330514780493,-0.029582121355611224,-0.03833372793073131
001337.SZ,20240801,0.010831698572684845,-0.01958330514780493,-0.029582121355611224,-0.03833372793073131
001337.SZ,20240801,0.010831698572684845,-0.01958330514780493,-0.029582121355611224,-0.03833372793073131
001337.SZ,20240801,0.010831698572684845,-0.01958330514780493,-0.029582121355611224,-0.03833372793073131
001337.SZ,20240801,0.010831698572684845,-0.01958330514780493,-0.029582121355611224,-0.03833372793073131
001337.SZ,20240801,0.010831698572684845,-0.01958330514780493,-0.029582121355611224,-0.03833372793073131
001337.SZ,20241209,-0.0066231663641268534,0.001324633272825393,0.011038610606878274,-0.021194132365206175
001337.SZ,20241209,-0.0066231663641268534,0.001324633272825393,0.011038610606878274,-0.021194132365206175
001337.SZ,20241209,-0.0066231663641268534,0.001324633272825393,0.011038610606878274,-0.021194132365206175
001337.SZ,20241209,-0.0066231663641268534,0.001324633272825393,0.011038610606878274,-0.021194132365206175
001337.SZ,20241209,-0.0066231663641268534,0.001324633272825393,0.011038610606878274,-0.021194132365206175
001337.SZ,20241209,-0.0066231663641268534,0.001324633272825393,0.011038610606878274,-0.021194132365206175
001337.SZ,20250319,-0.017593985614380414,-0.03948458033271618,-0.048069127281083146,-0.04077226237497111
001337.SZ,20250319,-0.017593985614380414,-0.03948458033271618,-0.048069127281083146,-0.04077226237497111
001337.SZ,20250319,-0.017593985614380414,-0.03948458033271618,-0.048069127281083146,-0.04077226237497111
001337.SZ,20250319,-0.017593985614380414,-0.03948458033271618,-0.048069127281083146,-0.04077226237497111
001337.SZ,20250319,-0.017593985614380414,-0.03948458033271618,-0.048069127281083146,-0.04077226237497111
001337.SZ,20250319,-0.017593985614380414,-0.03948458033271618,-0.048069127281083146,-0.04077226237497111
001337.SZ,20250319,-0.017593985614380414,-0.03948458033271618,-0.048069127281083146,-0.04077226237497111
001337.SZ,20250319,-0.017593985614380414,-0.03948458033271618,-0.048069127281083146,-0.04077226237497111
001337.SZ,20250319,-0.017593985614380414,-0.03948458033271618,-0.048069127281083146,-0.04077226237497111
001337.SZ,20250319,-0.017593985614380414,-0.03948458033271618,-0.048069127281083146,-0.04077226237497111
001337.SZ,20250319,-0.017593985614380414,-0.03948458033271618,-0.048069127281083146,-0.04077226237497111
001337.SZ,20250319,-0.017593985614380414,-0.03948458033271618,-0.048069127281083146,-0.04077226237497111
001337.SZ,20250319,-0.017593985614380414,-0.03948458033271618,-0.048069127281083146,-0.04077226237497111
001337.SZ,20250411,0.004924732334866455,-0.02310453289659986,0.00113647669266137,-0.07310568085285507
001337.SZ,20250411,0.004924732334866455,-0.02310453289659986,0.00113647669266137,-0.07310568085285507
001337.SZ,20250411,0.004924732334866455,-0.02310453289659986,0.00113647669266137,-0.07310568085285507
001337.SZ,20250411,0.004924732334866455,-0.02310453289659986,0.00113647669266137,-0.07310568085285507
001337.SZ,20250411,0.004924732334866455,-0.02310453289659986,0.00113647669266137,-0.07310568085285507
001337.SZ,20250411,0.004924732334866455,-0.02310453289659986,0.00113647669266137,-0.07310568085285507
001337.SZ,20250411,0.004924732334866455,-0.02310453289659986,0.00113647669266137,-0.07310568085285507
001337.SZ,20250411,0.004924732334866455,-0.02310453289659986,0.00113647669266137,-0.07310568085285507
001337.SZ,20250411,0.004924732334866455,-0.02310453289659986,0.00113647669266137,-0.07310568085285507
001337.SZ,20250411,0.004924732334866455,-0.02310453289659986,0.00113647669266137,-0.07310568085285507
001337.SZ,20250411,0.004924732334866455,-0.02310453289659986,0.00113647669266137,-0.07310568085285507
001337.SZ,20250411,0.004924732334866455,-0.02310453289659986,0.00113647669266137,-0.07310568085285507
001337.SZ,20250411,0.004924732334866455,-0.02310453289659986,0.00113647669266137,-0.07310568085285507
001337.SZ,20250411,0.004924732334866455,-0.02310453289659986,0.00113647669266137,-0.07310568085285507
001337.SZ,20250411,0.004924732334866455,-0.02310453289659986,0.00113647669266137,-0.07310568085285507
001337.SZ,20250411,0.004924732334866455,-0.02310453289659986,0.00113647669266137,-0.07310568085285507
001337.SZ,20250414,-0.027891905064713063,-0.0037696909234219422,-0.05352580334398238,0.014701794601345686
001337.SZ,20250414,-0.027891905064713063,-0.0037696909234219422,-0.05352580334398238,0.014701794601345686
001339.SZ,20251230,0.02609917687211394,0.06665328247339897,0.08572575787994374,0.07187311784782158
001339.SZ,20251230,0.02609917687211394,0.06665328247339897,0.08572575787994374,0.07187311784782158
001339.SZ,20251230,0.02609917687211394,0.06665328247339897,0.08572575787994374,0.07187311784782158
001339.SZ,20251230,0.02609917687211394,0.06665328247339897,0.08572575787994374,0.07187311784782158
001339.SZ,20251230,0.02609917687211394,0.06665328247339897,0.08572575787994374,0.07187311784782158
001339.SZ,20251230,0.02609917687211394,0.06665328247339897,0.08572575787994374,0.07187311784782158
001339.SZ,20251230,0.02609917687211394,0.06665328247339897,0.08572575787994374,0.07187311784782158
001339.SZ,20251230,0.02609917687211394,0.06665328247339897,0.08572575787994374,0.07187311784782158
001339.SZ,20251230,0.02609917687211394,0.06665328247339897,0.08572575787994374,0.07187311784782158
001339.SZ,20251231,0.03952259831735483,0.05810995891215032,0.04617491684601838,0.0600665231852866
001339.SZ,20251231,0.03952259831735483,0.05810995891215032,0.04617491684601838,0.0600665231852866
001339.SZ,20251231,0.03952259831735483,0.05810995891215032,0.04617491684601838,0.0600665231852866
001339.SZ,20251231,0.03952259831735483,0.05810995891215032,0.04617491684601838,0.0600665231852866
001339.SZ,20251231,0.03952259831735483,0.05810995891215032,0.04617491684601838,0.0600665231852866
001339.SZ,20251231,0.03952259831735483,0.05810995891215032,0.04617491684601838,0.0600665231852866
001339.SZ,20251231,0.03952259831735483,0.05810995891215032,0.04617491684601838,0.0600665231852866
001339.SZ,20251231,0.03952259831735483,0.05810995891215032,0.04617491684601838,0.0600665231852866
001339.SZ,20251231,0.03952259831735483,0.05810995891215032,0.04617491684601838,0.0600665231852866
001339.SZ,20251231,0.03952259831735483,0.05810995891215032,0.04617491684601838,0.0600665231852866
001339.SZ,20251231,0.03952259831735483,0.05810995891215032,0.04617491684601838,0.0600665231852866
001339.SZ,20251231,0.03952259831735483,0.05810995891215032,0.04617491684601838,0.0600665231852866
001339.SZ,20251231,0.03952259831735483,0.05810995891215032,0.04617491684601838,0.0600665231852866
001339.SZ,20251231,0.03952259831735483,0.05810995891215032,0.04617491684601838,0.0600665231852866
001339.SZ,20251231,0.03952259831735483,0.05810995891215032,0.04617491684601838,0.0600665231852866
001339.SZ,20251231,0.03952259831735483,0.05810995891215032,0.04617491684601838,0.0600665231852866
001339.SZ,20251231,0.03952259831735483,0.05810995891215032,0.04617491684601838,0.0600665231852866
001339.SZ,20251231,0.03952259831735483,0.05810995891215032,0.04617491684601838,0.0600665231852866
001339.SZ,20251231,0.03952259831735483,0.05810995891215032,0.04617491684601838,0.0600665231852866
001339.SZ,20251231,0.03952259831735483,0.05810995891215032,0.04617491684601838,0.0600665231852866
001339.SZ,20251231,0.03952259831735483,0.05810995891215032,0.04617491684601838,0.0600665231852866
001339.SZ,20251231,0.03952259831735483,0.05810995891215032,0.04617491684601838,0.0600665231852866
001339.SZ,20251231,0.03952259831735483,0.05810995891215032,0.04617491684601838,0.0600665231852866
001339.SZ,20260106,-0.011279585798816605,-0.01275887573964496,0.0018491124260355818,-0.0068417159763313196
001339.SZ,20260106,-0.011279585798816605,-0.01275887573964496,0.0018491124260355818,-0.0068417159763313196
001360.SZ,20251205,0.0997876857749469,0.0987261146496814,0.20859872611464958,0.25265392781316365
001360.SZ,20251205,0.0997876857749469,0.0987261146496814,0.20859872611464958,0.25265392781316365
001360.SZ,20251205,0.0997876857749469,0.0987261146496814,0.20859872611464958,0.25265392781316365
001360.SZ,20251205,0.0997876857749469,0.0987261146496814,0.20859872611464958,0.25265392781316365
001360.SZ,20251205,0.0997876857749469,0.0987261146496814,0.20859872611464958,0.25265392781316365
001360.SZ,20251208,-0.0009652509652509078,0.09893822393822393,0.1385135135135136,0.19932432432432456
001366.SZ,20240905,-0.018322082931533257,-0.012536162005785778,-0.03857280617164882,0.0019286403085825299
001366.SZ,20240905,-0.018322082931533257,-0.012536162005785778,-0.03857280617164882,0.0019286403085825299
001366.SZ,20240905,-0.018322082931533257,-0.012536162005785778,-0.03857280617164882,0.0019286403085825299
001373.SZ,20240725,0.05002209001574176,0.0726782964523005,0.08037334271265384,0.09705023226686449
001373.SZ,20241203,-0.04784167056256816,-0.06803490727754402,-0.06337540906965877,-0.06803490727754402
001373.SZ,20241203,-0.04784167056256816,-0.06803490727754402,-0.06337540906965877,-0.06803490727754402
001373.SZ,20241203,-0.04784167056256816,-0.06803490727754402,-0.06337540906965877,-0.06803490727754402
001373.SZ,20251225,-0.014450867052023142,-0.006422607578676964,0.031470777135516936,0.08574181117533719
001373.SZ,20251225,-0.014450867052023142,-0.006422607578676964,0.031470777135516936,0.08574181117533719
001373.SZ,20251225,-0.014450867052023142,-0.006422607578676964,0.031470777135516936,0.08574181117533719
001387.SZ,20251127,-0.07384987893462458,-0.03753026634382561,-0.06598062953995154,-0.12651331719128334
001387.SZ,20251127,-0.07384987893462458,-0.03753026634382561,-0.06598062953995154,-0.12651331719128334
001387.SZ,20251127,-0.07384987893462458,-0.03753026634382561,-0.06598062953995154,-0.12651331719128334
001387.SZ,20251127,-0.07384987893462458,-0.03753026634382561,-0.06598062953995154,-0.12651331719128334
001387.SZ,20251127,-0.07384987893462458,-0.03753026634382561,-0.06598062953995154,-0.12651331719128334
001387.SZ,20251127,-0.07384987893462458,-0.03753026634382561,-0.06598062953995154,-0.12651331719128334
001387.SZ,20251127,-0.07384987893462458,-0.03753026634382561,-0.06598062953995154,-0.12651331719128334
001387.SZ,20251127,-0.07384987893462458,-0.03753026634382561,-0.06598062953995154,-0.12651331719128334
001387.SZ,20251127,-0.07384987893462458,-0.03753026634382561,-0.06598062953995154,-0.12651331719128334
001387.SZ,20251127,-0.07384987893462458,-0.03753026634382561,-0.06598062953995154,-0.12651331719128334
001387.SZ,20251127,-0.07384987893462458,-0.03753026634382561,-0.06598062953995154,-0.12651331719128334
001387.SZ,20251127,-0.07384987893462458,-0.03753026634382561,-0.06598062953995154,-0.12651331719128334
001387.SZ,20251127,-0.07384987893462458,-0.03753026634382561,-0.06598062953995154,-0.12651331719128334
001389.SZ,20250610,-0.011817091967802673,-0.012159616372666604,-0.019866415482103217,-0.022435348518581977
001389.SZ,20250610,-0.011817091967802673,-0.012159616372666604,-0.019866415482103217,-0.022435348518581977
001389.SZ,20250910,0.09668951436488271,0.06752224004666774,0.06329298527052662,0.11798162461717965
001389.SZ,20250911,-0.02659574468085102,-0.0304521276595745,0.013297872340425565,0.12140957446808498
001979.SZ,20250403,-0.05399723662511713,-0.014537431844181437,0.01972990239046779,0.0041535519554802836
002005.SZ,20251028,-0.027450980392156765,0.019607843137255054,0.007843137254901933,0.06274509803921569
002005.SZ,20251028,-0.027450980392156765,0.019607843137255054,0.007843137254901933,0.06274509803921569
002005.SZ,20251028,-0.027450980392156765,0.019607843137255054,0.007843137254901933,0.06274509803921569
002005.SZ,20251028,-0.027450980392156765,0.019607843137255054,0.007843137254901933,0.06274509803921569
002005.SZ,20251028,-0.027450980392156765,0.019607843137255054,0.007843137254901933,0.06274509803921569
002005.SZ,20251028,-0.027450980392156765,0.019607843137255054,0.007843137254901933,0.06274509803921569
002005.SZ,20251028,-0.027450980392156765,0.019607843137255054,0.007843137254901933,0.06274509803921569
002005.SZ,20251028,-0.027450980392156765,0.019607843137255054,0.007843137254901933,0.06274509803921569
002005.SZ,20251028,-0.027450980392156765,0.019607843137255054,0.007843137254901933,0.06274509803921569
002005.SZ,20251028,-0.027450980392156765,0.019607843137255054,0.007843137254901933,0.06274509803921569
002005.SZ,20251028,-0.027450980392156765,0.019607843137255054,0.007843137254901933,0.06274509803921569
002005.SZ,20260108,0.049429657794676674,0.07984790874524705,0.12547528517110274,0.11787072243346008
002005.SZ,20260108,0.049429657794676674,0.07984790874524705,0.12547528517110274,0.11787072243346008
002005.SZ,20260108,0.049429657794676674,0.07984790874524705,0.12547528517110274,0.11787072243346008
002005.SZ,20260108,0.049429657794676674,0.07984790874524705,0.12547528517110274,0.11787072243346008
002005.SZ,20260108,0.049429657794676674,0.07984790874524705,0.12547528517110274,0.11787072243346008
002005.SZ,20260108,0.049429657794676674,0.07984790874524705,0.12547528517110274,0.11787072243346008
002009.SZ,20240930,0.05780939412436803,-0.028908609976366018,-0.041406457873565894,-0.040623875037172685
002010.SZ,20241106,0.05601807295614636,0.13070528817081595,0.20954451381022565,0.0539420677437763
002015.SZ,20251106,0.011701170117011772,0.008100810081008047,-0.011701170117011661,0.00900090009000909
002022.SZ,20240816,-0.01579778830963663,-0.03001579778830965,-0.07740916271721965,-0.14218009478672988
002028.SZ,20250901,-0.057181403071814074,-0.029680365296803624,-0.05936073059360725,-0.03227480282274797
002044.SZ,20250626,0.025441874874996717,0.005872710231261236,0.015657292553129087,-0.011741498786241089
002044.SZ,20250626,0.025441874874996717,0.005872710231261236,0.015657292553129087,-0.011741498786241089
002044.SZ,20250626,0.025441874874996717,0.005872710231261236,0.015657292553129087,-0.011741498786241089
002044.SZ,20250626,0.025441874874996717,0.005872710231261236,0.015657292553129087,-0.011741498786241089
002044.SZ,20250626,0.025441874874996717,0.005872710231261236,0.015657292553129087,-0.011741498786241089
002044.SZ,20250626,0.025441874874996717,0.005872710231261236,0.015657292553129087,-0.011741498786241089
002044.SZ,20250627,-0.019083641036329646,-0.009541820518164879,-0.02671900963934215,-0.04008138274173423
002044.SZ,20250627,-0.019083641036329646,-0.009541820518164879,-0.02671900963934215,-0.04008138274173423
002044.SZ,20250627,-0.019083641036329646,-0.009541820518164879,-0.02671900963934215,-0.04008138274173423
002044.SZ,20250627,-0.019083641036329646,-0.009541820518164879,-0.02671900963934215,-0.04008138274173423
002044.SZ,20250627,-0.019083641036329646,-0.009541820518164879,-0.02671900963934215,-0.04008138274173423
002044.SZ,20250627,-0.019083641036329646,-0.009541820518164879,-0.02671900963934215,-0.04008138274173423
002044.SZ,20250627,-0.019083641036329646,-0.009541820518164879,-0.02671900963934215,-0.04008138274173423
002044.SZ,20250627,-0.019083641036329646,-0.009541820518164879,-0.02671900963934215,-0.04008138274173423
002044.SZ,20250627,-0.019083641036329646,-0.009541820518164879,-0.02671900963934215,-0.04008138274173423
002044.SZ,20250627,-0.019083641036329646,-0.009541820518164879,-0.02671900963934215,-0.04008138274173423
002044.SZ,20250627,-0.019083641036329646,-0.009541820518164879,-0.02671900963934215,-0.04008138274173423
002044.SZ,20250627,-0.019083641036329646,-0.009541820518164879,-0.02671900963934215,-0.04008138274173423
002044.SZ,20250627,-0.019083641036329646,-0.009541820518164879,-0.02671900963934215,-0.04008138274173423
002044.SZ,20250627,-0.019083641036329646,-0.009541820518164879,-0.02671900963934215,-0.04008138274173423
002044.SZ,20260115,-0.099882491186839,-0.15276145710928313,-0.1269095182138661,-0.11398354876615746
002044.SZ,20260115,-0.099882491186839,-0.15276145710928313,-0.1269095182138661,-0.11398354876615746
002044.SZ,20260115,-0.099882491186839,-0.15276145710928313,-0.1269095182138661,-0.11398354876615746
002044.SZ,20260115,-0.099882491186839,-0.15276145710928313,-0.1269095182138661,-0.11398354876615746
002044.SZ,20260115,-0.099882491186839,-0.15276145710928313,-0.1269095182138661,-0.11398354876615746
002044.SZ,20260115,-0.099882491186839,-0.15276145710928313,-0.1269095182138661,-0.11398354876615746
002044.SZ,20260115,-0.099882491186839,-0.15276145710928313,-0.1269095182138661,-0.11398354876615746
002044.SZ,20260115,-0.099882491186839,-0.15276145710928313,-0.1269095182138661,-0.11398354876615746
002044.SZ,20260115,-0.099882491186839,-0.15276145710928313,-0.1269095182138661,-0.11398354876615746
002054.SZ,20251016,-0.05974025974025976,0.033766233766233666,0.011688311688311748,0.13376623376623376
002054.SZ,20251016,-0.05974025974025976,0.033766233766233666,0.011688311688311748,0.13376623376623376
002054.SZ,20251016,-0.05974025974025976,0.033766233766233666,0.011688311688311748,0.13376623376623376
002054.SZ,20251020,-0.021356783919597944,-0.002512562814070307,0.0967336683417086,0.0967336683417086
002054.SZ,20251020,-0.021356783919597944,-0.002512562814070307,0.0967336683417086,0.0967336683417086
002054.SZ,20251020,-0.021356783919597944,-0.002512562814070307,0.0967336683417086,0.0967336683417086
002054.SZ,20251020,-0.021356783919597944,-0.002512562814070307,0.0967336683417086,0.0967336683417086
002054.SZ,20251020,-0.021356783919597944,-0.002512562814070307,0.0967336683417086,0.0967336683417086
002054.SZ,20251020,-0.021356783919597944,-0.002512562814070307,0.0967336683417086,0.0967336683417086
002054.SZ,20251020,-0.021356783919597944,-0.002512562814070307,0.0967336683417086,0.0967336683417086
002054.SZ,20251020,-0.021356783919597944,-0.002512562814070307,0.0967336683417086,0.0967336683417086
002074.SZ,20250512,-0.009109942424166961,-0.01325158063524512,-0.04596096807158345,-0.04265014996302863
002074.SZ,20250512,-0.009109942424166961,-0.01325158063524512,-0.04596096807158345,-0.04265014996302863
002074.SZ,20250512,-0.009109942424166961,-0.01325158063524512,-0.04596096807158345,-0.04265014996302863
002074.SZ,20250512,-0.009109942424166961,-0.01325158063524512,-0.04596096807158345,-0.04265014996302863
002074.SZ,20250512,-0.009109942424166961,-0.01325158063524512,-0.04596096807158345,-0.04265014996302863
002074.SZ,20250512,-0.009109942424166961,-0.01325158063524512,-0.04596096807158345,-0.04265014996302863
002074.SZ,20250521,-0.028142716246433164,-0.05253231744502074,-0.06379166258855762,-0.06528989708107769
002074.SZ,20250625,-0.019079910798378785,-0.02150135807645337,-0.01695924555359085,-0.057540514428423006
002074.SZ,20250819,-0.005858772741288876,-0.03669441874807278,-0.019734813444341692,0.0027752081406107187
002074.SZ,20250819,-0.005858772741288876,-0.03669441874807278,-0.019734813444341692,0.0027752081406107187
002076.SZ,20240312,0.10091743119266039,0.21100917431192667,0.33027522935779796,0.15596330275229353
002083.SZ,20251013,0.02200000000000002,0.04400000000000004,0.018000000000000016,0.23199999999999998
002083.SZ,20260226,0.021910604732690686,-0.0008764241893075564,-0.045574057843996485,-0.03505696757230503
002086.SZ,20240705,-0.04225352112676051,-0.04694835680751175,-0.10328638497652587,-0.07511737089201875
002086.SZ,20260225,0.02155172413793105,0.012931034482758674,-0.017241379310344862,-0.0344827586206895
002090.SZ,20240425,0.013714783975919076,0.05828551286079864,0.059428798031601504,0.0697137264951122
002112.SZ,20240130,-0.07692272582043913,-0.10407252727189742,-0.14932105527408834,-0.25565635127116715
002130.SZ,20251212,-0.04493580599144076,-0.07774607703281022,-0.052425106990014236,-0.07132667617689015
002132.SZ,20250320,0.0032884533930102045,-0.023029179187358362,0.0,0.046051688083858844
002132.SZ,20250721,0.027568922305764243,-0.010025062656641603,-0.022556390977443663,-0.03258145363408527
002138.SZ,20240709,0.0003807925147070179,0.029701816147156723,0.012566152985335588,0.06740027510316371
002139.SZ,20250624,0.014749262536873031,0.010324483775811188,0.01106194690265494,0.01327433628318575
002139.SZ,20251209,0.0014716703458423908,0.0007358351729211954,0.017660044150110465,-0.020603384841795358
002141.SZ,20240320,-0.00454545454545463,-0.06363636363636371,-0.06363636363636371,-0.10454545454545461
002150.SZ,20250903,0.09999999999999987,0.20972222222222237,0.21111111111111125,0.09444444444444433
002150.SZ,20250903,0.09999999999999987,0.20972222222222237,0.21111111111111125,0.09444444444444433
002150.SZ,20250903,0.09999999999999987,0.20972222222222237,0.21111111111111125,0.09444444444444433
002150.SZ,20260114,-0.0018682858477346853,0.00420364315740307,0.05371321812237273,-0.00840728631480614
002150.SZ,20260114,-0.0018682858477346853,0.00420364315740307,0.05371321812237273,-0.00840728631480614
002150.SZ,20260114,-0.0018682858477346853,0.00420364315740307,0.05371321812237273,-0.00840728631480614
002150.SZ,20260128,-0.06808672499049062,-0.08368200836820083,-0.06960821605173062,-0.04069988588817042
002150.SZ,20260128,-0.06808672499049062,-0.08368200836820083,-0.06960821605173062,-0.04069988588817042
002150.SZ,20260128,-0.06808672499049062,-0.08368200836820083,-0.06960821605173062,-0.04069988588817042
002150.SZ,20260128,-0.06808672499049062,-0.08368200836820083,-0.06960821605173062,-0.04069988588817042
002150.SZ,20260128,-0.06808672499049062,-0.08368200836820083,-0.06960821605173062,-0.04069988588817042
002150.SZ,20260128,-0.06808672499049062,-0.08368200836820083,-0.06960821605173062,-0.04069988588817042
002150.SZ,20260128,-0.06808672499049062,-0.08368200836820083,-0.06960821605173062,-0.04069988588817042
002150.SZ,20260128,-0.06808672499049062,-0.08368200836820083,-0.06960821605173062,-0.04069988588817042
002151.SZ,20240919,0.022055580061755675,0.01764446404940445,0.037494486104984404,0.06528451698279647
002151.SZ,20240919,0.022055580061755675,0.01764446404940445,0.037494486104984404,0.06528451698279647
002151.SZ,20240919,0.022055580061755675,0.01764446404940445,0.037494486104984404,0.06528451698279647
002151.SZ,20240919,0.022055580061755675,0.01764446404940445,0.037494486104984404,0.06528451698279647
002151.SZ,20240919,0.022055580061755675,0.01764446404940445,0.037494486104984404,0.06528451698279647
002151.SZ,20240919,0.022055580061755675,0.01764446404940445,0.037494486104984404,0.06528451698279647
002151.SZ,20240919,0.022055580061755675,0.01764446404940445,0.037494486104984404,0.06528451698279647
002151.SZ,20240919,0.022055580061755675,0.01764446404940445,0.037494486104984404,0.06528451698279647
002151.SZ,20240919,0.022055580061755675,0.01764446404940445,0.037494486104984404,0.06528451698279647
002156.SZ,20241220,-0.02485014238962313,-0.010272631320406567,-0.02485014238962313,0.020541943535378415
002156.SZ,20241220,-0.02485014238962313,-0.010272631320406567,-0.02485014238962313,0.020541943535378415
002156.SZ,20241220,-0.02485014238962313,-0.010272631320406567,-0.02485014238962313,0.020541943535378415
002156.SZ,20241220,-0.02485014238962313,-0.010272631320406567,-0.02485014238962313,0.020541943535378415
002156.SZ,20250110,-0.027191209358334856,0.02683281724869535,0.011447043981879679,0.02754960146797414
002156.SZ,20250110,-0.027191209358334856,0.02683281724869535,0.011447043981879679,0.02754960146797414
002156.SZ,20250110,-0.027191209358334856,0.02683281724869535,0.011447043981879679,0.02754960146797414
002156.SZ,20250110,-0.027191209358334856,0.02683281724869535,0.011447043981879679,0.02754960146797414
002156.SZ,20250110,-0.027191209358334856,0.02683281724869535,0.011447043981879679,0.02754960146797414
002156.SZ,20250110,-0.027191209358334856,0.02683281724869535,0.011447043981879679,0.02754960146797414
002156.SZ,20250110,-0.027191209358334856,0.02683281724869535,0.011447043981879679,0.02754960146797414
002156.SZ,20250110,-0.027191209358334856,0.02683281724869535,0.011447043981879679,0.02754960146797414
002156.SZ,20250110,-0.027191209358334856,0.02683281724869535,0.011447043981879679,0.02754960146797414
002156.SZ,20250110,-0.027191209358334856,0.02683281724869535,0.011447043981879679,0.02754960146797414
002156.SZ,20250110,-0.027191209358334856,0.02683281724869535,0.011447043981879679,0.02754960146797414
002156.SZ,20250110,-0.027191209358334856,0.02683281724869535,0.011447043981879679,0.02754960146797414
002156.SZ,20250110,-0.027191209358334856,0.02683281724869535,0.011447043981879679,0.02754960146797414
002157.SZ,20240521,0.03947368421052633,0.02960526315789469,0.05592105263157898,0.09539473684210531
002157.SZ,20240613,-0.017191977077363862,-0.028653295128939882,-0.028653295128939882,-0.07736389684813749
002171.SZ,20251013,0.10009718172983484,0.12342079689018481,0.23615160349854247,0.22837706511175915
002174.SZ,20241106,-0.027726432532347522,-0.027726432532347522,-0.006469500924214389,-0.03512014787430695
002177.SZ,20250822,-0.04299999999999993,-0.06699999999999995,-0.15900000000000003,-0.17300000000000004
002177.SZ,20250822,-0.04299999999999993,-0.06699999999999995,-0.15900000000000003,-0.17300000000000004
002177.SZ,20251017,-0.01585365853658527,-0.004878048780487698,-0.028048780487804792,-0.11097560975609744
002177.SZ,20251017,-0.01585365853658527,-0.004878048780487698,-0.028048780487804792,-0.11097560975609744
002180.SZ,20250305,0.022735346358792263,-0.001776198934280493,0.00852575488454721,-0.007815275310834813
002180.SZ,20250306,-0.02396665508857232,-0.013893713094824567,-0.020145883987495616,-0.06043765196248696
002184.SZ,20250916,0.011049723756906049,-0.011740331491712719,-0.04005524861878451,0.004834254143646355
002184.SZ,20250916,0.011049723756906049,-0.011740331491712719,-0.04005524861878451,0.004834254143646355
002184.SZ,20251009,-0.01676337846550613,-0.01611863313990969,0.030947775628626717,-0.012250161186331376
002184.SZ,20251009,-0.01676337846550613,-0.01611863313990969,0.030947775628626717,-0.012250161186331376
002184.SZ,20251009,-0.01676337846550613,-0.01611863313990969,0.030947775628626717,-0.012250161186331376
002184.SZ,20251009,-0.01676337846550613,-0.01611863313990969,0.030947775628626717,-0.012250161186331376
002184.SZ,20251009,-0.01676337846550613,-0.01611863313990969,0.030947775628626717,-0.012250161186331376
002184.SZ,20251009,-0.01676337846550613,-0.01611863313990969,0.030947775628626717,-0.012250161186331376
002184.SZ,20251009,-0.01676337846550613,-0.01611863313990969,0.030947775628626717,-0.012250161186331376
002184.SZ,20251009,-0.01676337846550613,-0.01611863313990969,0.030947775628626717,-0.012250161186331376
002184.SZ,20251009,-0.01676337846550613,-0.01611863313990969,0.030947775628626717,-0.012250161186331376
002184.SZ,20251009,-0.01676337846550613,-0.01611863313990969,0.030947775628626717,-0.012250161186331376
002184.SZ,20251009,-0.01676337846550613,-0.01611863313990969,0.030947775628626717,-0.012250161186331376
002184.SZ,20251009,-0.01676337846550613,-0.01611863313990969,0.030947775628626717,-0.012250161186331376
002184.SZ,20251009,-0.01676337846550613,-0.01611863313990969,0.030947775628626717,-0.012250161186331376
002184.SZ,20251009,-0.01676337846550613,-0.01611863313990969,0.030947775628626717,-0.012250161186331376
002184.SZ,20251009,-0.01676337846550613,-0.01611863313990969,0.030947775628626717,-0.012250161186331376
002184.SZ,20251014,-0.008130081300813052,-0.041901188242651655,-0.046904315196998114,-0.013133208255159512
002184.SZ,20251014,-0.008130081300813052,-0.041901188242651655,-0.046904315196998114,-0.013133208255159512
002184.SZ,20251014,-0.008130081300813052,-0.041901188242651655,-0.046904315196998114,-0.013133208255159512
002194.SZ,20251201,-0.004009623095429071,-0.02165196471531683,-0.024859663191659997,0.027265437048917374
002194.SZ,20251201,-0.004009623095429071,-0.02165196471531683,-0.024859663191659997,0.027265437048917374
002194.SZ,20251201,-0.004009623095429071,-0.02165196471531683,-0.024859663191659997,0.027265437048917374
002194.SZ,20251201,-0.004009623095429071,-0.02165196471531683,-0.024859663191659997,0.027265437048917374
002194.SZ,20251201,-0.004009623095429071,-0.02165196471531683,-0.024859663191659997,0.027265437048917374
002203.SZ,20251211,0.021312872975277175,-0.026427962489343648,-0.04092071611253201,-0.010230179028133057
002203.SZ,20251222,0.004838709677419395,0.005645161290322553,-0.007258064516128981,0.013709677419354804
002209.SZ,20260227,-0.07351154313487251,-0.10449574726609967,-0.09659781287970848,-0.05528554070473879
002209.SZ,20260227,-0.07351154313487251,-0.10449574726609967,-0.09659781287970848,-0.05528554070473879
002212.SZ,20240426,0.016286410192151157,0.014658260566183356,0.0016281496259678008,-0.026058583902940025
002212.SZ,20251029,-0.036245353159851335,-0.03159851301115235,0.02323420074349447,-0.02323420074349447
002212.SZ,20251029,-0.036245353159851335,-0.03159851301115235,0.02323420074349447,-0.02323420074349447
002212.SZ,20251029,-0.036245353159851335,-0.03159851301115235,0.02323420074349447,-0.02323420074349447
002212.SZ,20251029,-0.036245353159851335,-0.03159851301115235,0.02323420074349447,-0.02323420074349447
002212.SZ,20251029,-0.036245353159851335,-0.03159851301115235,0.02323420074349447,-0.02323420074349447
002212.SZ,20251029,-0.036245353159851335,-0.03159851301115235,0.02323420074349447,-0.02323420074349447
002212.SZ,20251029,-0.036245353159851335,-0.03159851301115235,0.02323420074349447,-0.02323420074349447
002212.SZ,20251029,-0.036245353159851335,-0.03159851301115235,0.02323420074349447,-0.02323420074349447
002212.SZ,20251029,-0.036245353159851335,-0.03159851301115235,0.02323420074349447,-0.02323420074349447
002212.SZ,20251029,-0.036245353159851335,-0.03159851301115235,0.02323420074349447,-0.02323420074349447
002212.SZ,20251029,-0.036245353159851335,-0.03159851301115235,0.02323420074349447,-0.02323420074349447
002212.SZ,20251029,-0.036245353159851335,-0.03159851301115235,0.02323420074349447,-0.02323420074349447
002212.SZ,20251029,-0.036245353159851335,-0.03159851301115235,0.02323420074349447,-0.02323420074349447
002212.SZ,20251029,-0.036245353159851335,-0.03159851301115235,0.02323420074349447,-0.02323420074349447
002212.SZ,20260213,-0.016910935738444044,-0.016910935738444044,-0.02931228861330326,-0.06313416009019157
002212.SZ,20260213,-0.016910935738444044,-0.016910935738444044,-0.02931228861330326,-0.06313416009019157
002212.SZ,20260213,-0.016910935738444044,-0.016910935738444044,-0.02931228861330326,-0.06313416009019157
002212.SZ,20260213,-0.016910935738444044,-0.016910935738444044,-0.02931228861330326,-0.06313416009019157
002212.SZ,20260213,-0.016910935738444044,-0.016910935738444044,-0.02931228861330326,-0.06313416009019157
002212.SZ,20260213,-0.016910935738444044,-0.016910935738444044,-0.02931228861330326,-0.06313416009019157
002212.SZ,20260213,-0.016910935738444044,-0.016910935738444044,-0.02931228861330326,-0.06313416009019157
002212.SZ,20260213,-0.016910935738444044,-0.016910935738444044,-0.02931228861330326,-0.06313416009019157
002212.SZ,20260213,-0.016910935738444044,-0.016910935738444044,-0.02931228861330326,-0.06313416009019157
002212.SZ,20260213,-0.016910935738444044,-0.016910935738444044,-0.02931228861330326,-0.06313416009019157
002212.SZ,20260213,-0.016910935738444044,-0.016910935738444044,-0.02931228861330326,-0.06313416009019157
002212.SZ,20260213,-0.016910935738444044,-0.016910935738444044,-0.02931228861330326,-0.06313416009019157
002212.SZ,20260213,-0.016910935738444044,-0.016910935738444044,-0.02931228861330326,-0.06313416009019157
002212.SZ,20260213,-0.016910935738444044,-0.016910935738444044,-0.02931228861330326,-0.06313416009019157
002212.SZ,20260213,-0.016910935738444044,-0.016910935738444044,-0.02931228861330326,-0.06313416009019157
002212.SZ,20260213,-0.016910935738444044,-0.016910935738444044,-0.02931228861330326,-0.06313416009019157
002212.SZ,20260213,-0.016910935738444044,-0.016910935738444044,-0.02931228861330326,-0.06313416009019157
002212.SZ,20260213,-0.016910935738444044,-0.016910935738444044,-0.02931228861330326,-0.06313416009019157
002212.SZ,20260213,-0.016910935738444044,-0.016910935738444044,-0.02931228861330326,-0.06313416009019157
002215.SZ,20240313,0.04143281980189162,0.058230958520106624,0.060470474982259326,0.04927171583678236
002215.SZ,20241107,-0.03080111257403395,-0.04106850289362374,-0.04106850289362374,0.023613621834900567
002215.SZ,20241107,-0.03080111257403395,-0.04106850289362374,-0.04106850289362374,0.023613621834900567
002215.SZ,20241114,-0.03109351525672932,-0.08325001266611998,-0.05717124697693321,-0.030090565343220743
002215.SZ,20241114,-0.03109351525672932,-0.08325001266611998,-0.05717124697693321,-0.030090565343220743
002215.SZ,20251223,0.014548981571290032,0.07080504364694451,0.07759456838021328,0.054316197866149274
002215.SZ,20251223,0.014548981571290032,0.07080504364694451,0.07759456838021328,0.054316197866149274
002215.SZ,20251223,0.014548981571290032,0.07080504364694451,0.07759456838021328,0.054316197866149274
002215.SZ,20251225,0.006340579710145011,-0.017210144927536142,-0.015398550724637694,-0.024456521739130377
002215.SZ,20251225,0.006340579710145011,-0.017210144927536142,-0.015398550724637694,-0.024456521739130377
002215.SZ,20251225,0.006340579710145011,-0.017210144927536142,-0.015398550724637694,-0.024456521739130377
002222.SZ,20260107,0.08204208122655365,0.13211547871472828,0.1763170771489153,0.14761050399608533
002222.SZ,20260107,0.08204208122655365,0.13211547871472828,0.1763170771489153,0.14761050399608533
002222.SZ,20260107,0.08204208122655365,0.13211547871472828,0.1763170771489153,0.14761050399608533
002222.SZ,20260107,0.08204208122655365,0.13211547871472828,0.1763170771489153,0.14761050399608533
002222.SZ,20260107,0.08204208122655365,0.13211547871472828,0.1763170771489153,0.14761050399608533
002222.SZ,20260107,0.08204208122655365,0.13211547871472828,0.1763170771489153,0.14761050399608533
002222.SZ,20260107,0.08204208122655365,0.13211547871472828,0.1763170771489153,0.14761050399608533
002222.SZ,20260107,0.08204208122655365,0.13211547871472828,0.1763170771489153,0.14761050399608533
002222.SZ,20260107,0.08204208122655365,0.13211547871472828,0.1763170771489153,0.14761050399608533
002222.SZ,20260107,0.08204208122655365,0.13211547871472828,0.1763170771489153,0.14761050399608533
002222.SZ,20260107,0.08204208122655365,0.13211547871472828,0.1763170771489153,0.14761050399608533
002222.SZ,20260107,0.08204208122655365,0.13211547871472828,0.1763170771489153,0.14761050399608533
002226.SZ,20250701,-0.04020100502512547,-0.045226130653266305,-0.048576214405360196,-0.055276381909547756
002226.SZ,20250701,-0.04020100502512547,-0.045226130653266305,-0.048576214405360196,-0.055276381909547756
002226.SZ,20250718,0.0996503496503498,0.2097902097902098,0.19055944055944063,0.07867132867132876
002226.SZ,20250718,0.0996503496503498,0.2097902097902098,0.19055944055944063,0.07867132867132876
002226.SZ,20250718,0.0996503496503498,0.2097902097902098,0.19055944055944063,0.07867132867132876
002226.SZ,20250718,0.0996503496503498,0.2097902097902098,0.19055944055944063,0.07867132867132876
002226.SZ,20250718,0.0996503496503498,0.2097902097902098,0.19055944055944063,0.07867132867132876
002226.SZ,20250718,0.0996503496503498,0.2097902097902098,0.19055944055944063,0.07867132867132876
002226.SZ,20250718,0.0996503496503498,0.2097902097902098,0.19055944055944063,0.07867132867132876
002226.SZ,20250718,0.0996503496503498,0.2097902097902098,0.19055944055944063,0.07867132867132876
002226.SZ,20250718,0.0996503496503498,0.2097902097902098,0.19055944055944063,0.07867132867132876
002226.SZ,20250718,0.0996503496503498,0.2097902097902098,0.19055944055944063,0.07867132867132876
002226.SZ,20250718,0.0996503496503498,0.2097902097902098,0.19055944055944063,0.07867132867132876
002226.SZ,20250718,0.0996503496503498,0.2097902097902098,0.19055944055944063,0.07867132867132876
002226.SZ,20250718,0.0996503496503498,0.2097902097902098,0.19055944055944063,0.07867132867132876
002226.SZ,20250722,-0.015895953757225523,-0.0722543352601156,-0.10838150289017345,-0.08959537572254339
002226.SZ,20250722,-0.015895953757225523,-0.0722543352601156,-0.10838150289017345,-0.08959537572254339
002226.SZ,20250808,-0.007727975270479082,-0.015455950540958163,-0.0015455950540957941,-0.026275115919629055
002226.SZ,20250808,-0.007727975270479082,-0.015455950540958163,-0.0015455950540957941,-0.026275115919629055
002226.SZ,20250919,-0.0117647058823529,-0.04852941176470593,-0.02941176470588236,0.01764705882352935
002226.SZ,20250919,-0.0117647058823529,-0.04852941176470593,-0.02941176470588236,0.01764705882352935
002229.SZ,20240125,-0.057107127969987403,-0.13130471029595658,-0.1596498541058774,-0.20508545227177988
002230.SZ,20241111,-0.040311390661012414,0.05569747722043439,0.026096239151774503,-0.058421852770529914
002243.SZ,20241030,0.025168473483738518,-0.07744408633655642,-0.10842172087117896,-0.10455024904775867
002243.SZ,20241030,0.025168473483738518,-0.07744408633655642,-0.10842172087117896,-0.10455024904775867
002243.SZ,20241030,0.025168473483738518,-0.07744408633655642,-0.10842172087117896,-0.10455024904775867
002244.SZ,20260114,0.03842264914054594,0.015166835187057526,0.058645096056622936,0.0910010111223456
002244.SZ,20260114,0.03842264914054594,0.015166835187057526,0.058645096056622936,0.0910010111223456
002244.SZ,20260114,0.03842264914054594,0.015166835187057526,0.058645096056622936,0.0910010111223456
002244.SZ,20260115,-0.022395326192794607,0.01947419668938677,0.07010710808179166,0.06523855890944508
002244.SZ,20260115,-0.022395326192794607,0.01947419668938677,0.07010710808179166,0.06523855890944508
002244.SZ,20260115,-0.022395326192794607,0.01947419668938677,0.07010710808179166,0.06523855890944508
002244.SZ,20260115,-0.022395326192794607,0.01947419668938677,0.07010710808179166,0.06523855890944508
002244.SZ,20260115,-0.022395326192794607,0.01947419668938677,0.07010710808179166,0.06523855890944508
002244.SZ,20260115,-0.022395326192794607,0.01947419668938677,0.07010710808179166,0.06523855890944508
002244.SZ,20260115,-0.022395326192794607,0.01947419668938677,0.07010710808179166,0.06523855890944508
002244.SZ,20260115,-0.022395326192794607,0.01947419668938677,0.07010710808179166,0.06523855890944508
002244.SZ,20260115,-0.022395326192794607,0.01947419668938677,0.07010710808179166,0.06523855890944508
002244.SZ,20260115,-0.022395326192794607,0.01947419668938677,0.07010710808179166,0.06523855890944508
002244.SZ,20260115,-0.022395326192794607,0.01947419668938677,0.07010710808179166,0.06523855890944508
002244.SZ,20260115,-0.022395326192794607,0.01947419668938677,0.07010710808179166,0.06523855890944508
002244.SZ,20260115,-0.022395326192794607,0.01947419668938677,0.07010710808179166,0.06523855890944508
002244.SZ,20260119,0.049665711556829084,0.030563514804202274,0.04489016236867238,0.02387774594078329
002244.SZ,20260119,0.049665711556829084,0.030563514804202274,0.04489016236867238,0.02387774594078329
002244.SZ,20260119,0.049665711556829084,0.030563514804202274,0.04489016236867238,0.02387774594078329
002244.SZ,20260119,0.049665711556829084,0.030563514804202274,0.04489016236867238,0.02387774594078329
002244.SZ,20260119,0.049665711556829084,0.030563514804202274,0.04489016236867238,0.02387774594078329
002244.SZ,20260119,0.049665711556829084,0.030563514804202274,0.04489016236867238,0.02387774594078329
002244.SZ,20260119,0.049665711556829084,0.030563514804202274,0.04489016236867238,0.02387774594078329
002249.SZ,20240229,0.020366740863635213,-0.010183370431817607,-0.022402978924718098,-0.01833050280255255
002249.SZ,20240930,0.057553350331501774,-0.028777611875987152,-0.026979128222517468,-0.034173062836396095
002266.SZ,20250718,0.10149253731343277,0.21194029850746254,0.3343283582089551,0.19402985074626855
002266.SZ,20250723,-0.04026845637583887,-0.10514541387024601,-0.15883668903803128,-0.1789709172259507
002266.SZ,20251225,-0.0023529411764705577,-0.018823529411764683,-0.0235294117647058,-0.016470588235294237
002270.SZ,20250813,-0.0019951444698361742,0.024974933452770465,-0.004992950828850096,-0.02597250568768872
002271.SZ,20240206,0.025610237775495648,0.038731337388419274,0.025610237775495648,0.08182320878426408
002283.SZ,20241205,-0.0477716013343763,-0.07643390057010346,0.015922213199212054,0.019107648186402537
002290.SZ,20240313,-0.05667144906743182,-0.012195121951219523,0.0064562410329984665,0.010760401721664259
002290.SZ,20240313,-0.05667144906743182,-0.012195121951219523,0.0064562410329984665,0.010760401721664259
002290.SZ,20241008,-0.09370314842578709,-0.056971514242878496,-0.09070464767616182,-0.05472263868065974
002290.SZ,20250825,0.006227002547410043,0.005094820266062783,0.02802151146334575,-0.03255024058873479
002293.SZ,20250314,0.013716130974663177,0.03491378793550659,0.033666866937809736,0.027432261949326575
002293.SZ,20250314,0.013716130974663177,0.03491378793550659,0.033666866937809736,0.027432261949326575
002293.SZ,20250314,0.013716130974663177,0.03491378793550659,0.033666866937809736,0.027432261949326575
002293.SZ,20250314,0.013716130974663177,0.03491378793550659,0.033666866937809736,0.027432261949326575
002293.SZ,20250314,0.013716130974663177,0.03491378793550659,0.033666866937809736,0.027432261949326575
002293.SZ,20250314,0.013716130974663177,0.03491378793550659,0.033666866937809736,0.027432261949326575
002293.SZ,20250314,0.013716130974663177,0.03491378793550659,0.033666866937809736,0.027432261949326575
002300.SZ,20251105,0.09944751381215466,0.08563535911602216,0.149171270718232,0.13674033149171283
002300.SZ,20251105,0.09944751381215466,0.08563535911602216,0.149171270718232,0.13674033149171283
002300.SZ,20251105,0.09944751381215466,0.08563535911602216,0.149171270718232,0.13674033149171283
002300.SZ,20251105,0.09944751381215466,0.08563535911602216,0.149171270718232,0.13674033149171283
002300.SZ,20251105,0.09944751381215466,0.08563535911602216,0.149171270718232,0.13674033149171283
002300.SZ,20251105,0.09944751381215466,0.08563535911602216,0.149171270718232,0.13674033149171283
002300.SZ,20251105,0.09944751381215466,0.08563535911602216,0.149171270718232,0.13674033149171283
002300.SZ,20251105,0.09944751381215466,0.08563535911602216,0.149171270718232,0.13674033149171283
002300.SZ,20251105,0.09944751381215466,0.08563535911602216,0.149171270718232,0.13674033149171283
002300.SZ,20251105,0.09944751381215466,0.08563535911602216,0.149171270718232,0.13674033149171283
002300.SZ,20260108,-0.006153846153846176,0.02871794871794875,-0.040000000000000036,-0.024615384615384595
002300.SZ,20260108,-0.006153846153846176,0.02871794871794875,-0.040000000000000036,-0.024615384615384595
002300.SZ,20260108,-0.006153846153846176,0.02871794871794875,-0.040000000000000036,-0.024615384615384595
002300.SZ,20260108,-0.006153846153846176,0.02871794871794875,-0.040000000000000036,-0.024615384615384595
002300.SZ,20260108,-0.006153846153846176,0.02871794871794875,-0.040000000000000036,-0.024615384615384595
002300.SZ,20260108,-0.006153846153846176,0.02871794871794875,-0.040000000000000036,-0.024615384615384595
002300.SZ,20260108,-0.006153846153846176,0.02871794871794875,-0.040000000000000036,-0.024615384615384595
002300.SZ,20260108,-0.006153846153846176,0.02871794871794875,-0.040000000000000036,-0.024615384615384595
002300.SZ,20260108,-0.006153846153846176,0.02871794871794875,-0.040000000000000036,-0.024615384615384595
002300.SZ,20260108,-0.006153846153846176,0.02871794871794875,-0.040000000000000036,-0.024615384615384595
002300.SZ,20260108,-0.006153846153846176,0.02871794871794875,-0.040000000000000036,-0.024615384615384595
002300.SZ,20260108,-0.006153846153846176,0.02871794871794875,-0.040000000000000036,-0.024615384615384595
002300.SZ,20260108,-0.006153846153846176,0.02871794871794875,-0.040000000000000036,-0.024615384615384595
002300.SZ,20260108,-0.006153846153846176,0.02871794871794875,-0.040000000000000036,-0.024615384615384595
002300.SZ,20260108,-0.006153846153846176,0.02871794871794875,-0.040000000000000036,-0.024615384615384595
002300.SZ,20260108,-0.006153846153846176,0.02871794871794875,-0.040000000000000036,-0.024615384615384595
002300.SZ,20260306,0.09980988593155904,0.11882129277566533,0.102661596958175,-0.008555133079847899
002300.SZ,20260306,0.09980988593155904,0.11882129277566533,0.102661596958175,-0.008555133079847899
002300.SZ,20260306,0.09980988593155904,0.11882129277566533,0.102661596958175,-0.008555133079847899
002300.SZ,20260306,0.09980988593155904,0.11882129277566533,0.102661596958175,-0.008555133079847899
002300.SZ,20260306,0.09980988593155904,0.11882129277566533,0.102661596958175,-0.008555133079847899
002304.SZ,20250314,-0.00139206027542349,-0.008352361652540607,-0.009744421927964098,-0.02189283495303429
002304.SZ,20250819,-0.0027181299266105796,-0.01902690948627328,-0.019298722478934494,0.011416145691764079
002317.SZ,20251117,-0.09992458521870284,-0.14253393665158376,-0.12217194570135737,-0.09200603318250378
002317.SZ,20251117,-0.09992458521870284,-0.14253393665158376,-0.12217194570135737,-0.09200603318250378
002329.SZ,20240201,-0.06279069767441847,-0.15581395348837213,-0.1441860465116278,-0.08372093023255811
002335.SZ,20251113,-0.05396494881138292,-0.04528891202498697,-0.05379142807565507,-0.08207530799930596
002347.SZ,20250916,-0.003712871287128605,0.00990099009900991,0.04826732673267342,0.018564356435643692
002352.SZ,20240422,-0.006176659676866869,-0.01460046985874186,0.013479898818143043,0.02274789254534859
002366.SZ,20240102,0.014362657091562037,-0.014362657091561926,-0.06822262118491917,-0.07899461400359076
002366.SZ,20240103,-0.02831858407079646,-0.0814159292035398,-0.10088495575221246,-0.12212389380530975
002366.SZ,20240815,0.00540540540540535,0.021621621621621623,-0.016216216216216273,-0.12972972972972974
002374.SZ,20250709,0.0,0.010101010101009944,-0.01683501683501687,-0.026936026936026924
002378.SZ,20251217,-0.021023125437981682,-0.016818500350385457,0.035739313244568915,0.051156271899089
002389.SZ,20241106,-0.04847971301868037,-0.03818245164287337,0.03775232376585569,-0.05534025265711495
002389.SZ,20250211,0.008792274257256816,-0.00110178875404221,-0.006043311315921396,-0.03186923971067035
002394.SZ,20250926,-0.029059829059829068,-0.047863247863247804,-0.053846153846153766,-0.005982905982905851
002402.SZ,20250627,-0.00685812258894114,-0.0004286326618087033,-0.03943420488641225,-0.03771967423917699
002402.SZ,20250627,-0.00685812258894114,-0.0004286326618087033,-0.03943420488641225,-0.03771967423917699
002402.SZ,20250627,-0.00685812258894114,-0.0004286326618087033,-0.03943420488641225,-0.03771967423917699
002402.SZ,20250627,-0.00685812258894114,-0.0004286326618087033,-0.03943420488641225,-0.03771967423917699
002402.SZ,20250627,-0.00685812258894114,-0.0004286326618087033,-0.03943420488641225,-0.03771967423917699
002402.SZ,20250627,-0.00685812258894114,-0.0004286326618087033,-0.03943420488641225,-0.03771967423917699
002402.SZ,20250627,-0.00685812258894114,-0.0004286326618087033,-0.03943420488641225,-0.03771967423917699
002402.SZ,20250627,-0.00685812258894114,-0.0004286326618087033,-0.03943420488641225,-0.03771967423917699
002402.SZ,20250627,-0.00685812258894114,-0.0004286326618087033,-0.03943420488641225,-0.03771967423917699
002414.SZ,20250922,-0.023634881825590814,-0.016299918500407462,-0.004889975550122161,-0.023634881825590814
002414.SZ,20250922,-0.023634881825590814,-0.016299918500407462,-0.004889975550122161,-0.023634881825590814
002414.SZ,20250922,-0.023634881825590814,-0.016299918500407462,-0.004889975550122161,-0.023634881825590814
002414.SZ,20250922,-0.023634881825590814,-0.016299918500407462,-0.004889975550122161,-0.023634881825590814
002414.SZ,20250922,-0.023634881825590814,-0.016299918500407462,-0.004889975550122161,-0.023634881825590814
002414.SZ,20250922,-0.023634881825590814,-0.016299918500407462,-0.004889975550122161,-0.023634881825590814
002415.SZ,20240702,0.0016595967386514587,-0.012285147642133065,-0.009630481489642961,-0.02357178272366678
002438.SZ,20240320,0.0059460922561098695,-0.011892184512219517,-0.039081804608439796,-0.08581232700887975
002438.SZ,20240731,0.012596757704103956,0.020702497444136103,0.012596757704103956,-0.0017982328026873162
002438.SZ,20240731,0.012596757704103956,0.020702497444136103,0.012596757704103956,-0.0017982328026873162
002438.SZ,20240802,-0.007941334287247415,-0.02204435700232521,-0.02204435700232521,-0.0017617599713826149
002438.SZ,20241022,-0.009096426733046004,-0.023486297738954054,-0.028787424804664896,-0.036362658553637406
002438.SZ,20250109,-0.05725284951838572,-0.06274110544609979,-0.027449233632668713,-0.03293748956038267
002438.SZ,20250424,-0.023962926302528498,-0.03194456942319812,-0.03727166381715097,-0.007990641590929437
002438.SZ,20250918,0.018382352941176405,0.008823529411764675,-0.024264705882352966,-0.030882352941176472
002438.SZ,20250918,0.018382352941176405,0.008823529411764675,-0.024264705882352966,-0.030882352941176472
002438.SZ,20250918,0.018382352941176405,0.008823529411764675,-0.024264705882352966,-0.030882352941176472
002438.SZ,20250918,0.018382352941176405,0.008823529411764675,-0.024264705882352966,-0.030882352941176472
002438.SZ,20250918,0.018382352941176405,0.008823529411764675,-0.024264705882352966,-0.030882352941176472
002438.SZ,20251212,-0.008064516129032251,-0.056451612903225756,-0.05334987593052121,-0.04776674937965264
002449.SZ,20240206,-0.010601111684144127,0.08833841900177641,0.1554764053635893,0.15724385422038845
002454.SZ,20251024,-0.017877098782765666,-0.015642035113009323,-0.016759566947887605,-0.014524503278131262
002455.SZ,20250918,0.019635343618513268,0.0028050490883591017,0.0028050490883591017,0.02524544179523147
002455.SZ,20250918,0.019635343618513268,0.0028050490883591017,0.0028050490883591017,0.02524544179523147
002455.SZ,20250918,0.019635343618513268,0.0028050490883591017,0.0028050490883591017,0.02524544179523147
002455.SZ,20250918,0.019635343618513268,0.0028050490883591017,0.0028050490883591017,0.02524544179523147
002455.SZ,20250918,0.019635343618513268,0.0028050490883591017,0.0028050490883591017,0.02524544179523147
002455.SZ,20250918,0.019635343618513268,0.0028050490883591017,0.0028050490883591017,0.02524544179523147
002455.SZ,20250918,0.019635343618513268,0.0028050490883591017,0.0028050490883591017,0.02524544179523147
002455.SZ,20250918,0.019635343618513268,0.0028050490883591017,0.0028050490883591017,0.02524544179523147
002455.SZ,20250918,0.019635343618513268,0.0028050490883591017,0.0028050490883591017,0.02524544179523147
002455.SZ,20250918,0.019635343618513268,0.0028050490883591017,0.0028050490883591017,0.02524544179523147
002455.SZ,20250918,0.019635343618513268,0.0028050490883591017,0.0028050490883591017,0.02524544179523147
002455.SZ,20250918,0.019635343618513268,0.0028050490883591017,0.0028050490883591017,0.02524544179523147
002455.SZ,20250918,0.019635343618513268,0.0028050490883591017,0.0028050490883591017,0.02524544179523147
002455.SZ,20250918,0.019635343618513268,0.0028050490883591017,0.0028050490883591017,0.02524544179523147
002455.SZ,20250918,0.019635343618513268,0.0028050490883591017,0.0028050490883591017,0.02524544179523147
002455.SZ,20250918,0.019635343618513268,0.0028050490883591017,0.0028050490883591017,0.02524544179523147
002455.SZ,20250918,0.019635343618513268,0.0028050490883591017,0.0028050490883591017,0.02524544179523147
002455.SZ,20250918,0.019635343618513268,0.0028050490883591017,0.0028050490883591017,0.02524544179523147
002455.SZ,20250918,0.019635343618513268,0.0028050490883591017,0.0028050490883591017,0.02524544179523147
002455.SZ,20250918,0.019635343618513268,0.0028050490883591017,0.0028050490883591017,0.02524544179523147
002455.SZ,20250918,0.019635343618513268,0.0028050490883591017,0.0028050490883591017,0.02524544179523147
002455.SZ,20250918,0.019635343618513268,0.0028050490883591017,0.0028050490883591017,0.02524544179523147
002455.SZ,20250918,0.019635343618513268,0.0028050490883591017,0.0028050490883591017,0.02524544179523147
002455.SZ,20250918,0.019635343618513268,0.0028050490883591017,0.0028050490883591017,0.02524544179523147
002455.SZ,20250918,0.019635343618513268,0.0028050490883591017,0.0028050490883591017,0.02524544179523147
002455.SZ,20250918,0.019635343618513268,0.0028050490883591017,0.0028050490883591017,0.02524544179523147
002455.SZ,20250918,0.019635343618513268,0.0028050490883591017,0.0028050490883591017,0.02524544179523147
002455.SZ,20250918,0.019635343618513268,0.0028050490883591017,0.0028050490883591017,0.02524544179523147
002455.SZ,20250918,0.019635343618513268,0.0028050490883591017,0.0028050490883591017,0.02524544179523147
002455.SZ,20250918,0.019635343618513268,0.0028050490883591017,0.0028050490883591017,0.02524544179523147
002455.SZ,20250919,-0.016506189821182793,-0.016506189821182793,0.024759284731774578,0.00687757909215958
002455.SZ,20250919,-0.016506189821182793,-0.016506189821182793,0.024759284731774578,0.00687757909215958
002459.SZ,20240725,-0.0065543071161049404,-0.0393258426966292,-0.041198501872659166,-0.0037453183520598232
002459.SZ,20240725,-0.0065543071161049404,-0.0393258426966292,-0.041198501872659166,-0.0037453183520598232
002459.SZ,20240725,-0.0065543071161049404,-0.0393258426966292,-0.041198501872659166,-0.0037453183520598232
002459.SZ,20240725,-0.0065543071161049404,-0.0393258426966292,-0.041198501872659166,-0.0037453183520598232
002460.SZ,20250919,-0.005301022340022721,0.006058311245740189,0.03975766755017052,0.02707307837940176
002460.SZ,20250919,-0.005301022340022721,0.006058311245740189,0.03975766755017052,0.02707307837940176
002463.SZ,20260114,0.028932355338223248,0.04591143710948109,0.022955718554740434,0.005161640858462269
002475.SZ,20240205,0.04595874184083559,0.04632785810869344,0.07264434140994869,0.0
002482.SZ,20250721,0.005434782608695565,-0.010869565217391353,0.010869565217391353,-0.010869565217391353
002482.SZ,20250724,-0.010752688172043001,-0.021505376344086002,-0.026881720430107503,-0.05376344086021512
002491.SZ,20240830,-0.03647416413373861,-0.027355623100303927,-0.042553191489361764,-0.042553191489361764
002491.SZ,20250912,-0.028700906344410915,-0.0392749244712991,-0.051359516616314216,-0.09365558912386707
002491.SZ,20250912,-0.028700906344410915,-0.0392749244712991,-0.051359516616314216,-0.09365558912386707
002491.SZ,20250912,-0.028700906344410915,-0.0392749244712991,-0.051359516616314216,-0.09365558912386707
002497.SZ,20240925,0.03171089014839401,0.12004609682834277,0.23103307583814714,0.18799345825088887
002497.SZ,20241016,-0.04133956263210925,-0.019686493747654188,-0.018702712313071523,0.0029533197684754597
002501.SZ,20240401,0.008547008547008517,0.03418803418803429,0.008547008547008517,-0.008547008547008517
002522.SZ,20250522,-0.04056682355193397,-0.018255987063584445,0.00811377202825958,0.00811377202825958
002536.SZ,20251218,-0.03271500843170316,0.025295109612141653,0.0721753794266442,0.1315345699831365
002538.SZ,20250325,-0.009463187683327101,0.02365958353579689,-0.0346999691663451,-0.04258595890245109
002538.SZ,20250327,-0.05701070320717727,-0.07087898137386484,-0.06471442606870437,-0.0631736814963989
002548.SZ,20250722,-0.0023696682464454666,-0.011848341232227444,-0.0308056872037914,-0.03791469194312802
002549.SZ,20250806,0.005524861878453136,-0.022888713496448276,-0.020520915548539853,0.18547750591949486
002549.SZ,20250806,0.005524861878453136,-0.022888713496448276,-0.020520915548539853,0.18547750591949486
002549.SZ,20250828,-0.04653937947494036,-0.0011933174224345588,-0.051312649164677926,-0.039379474940334114
002550.SZ,20250304,-0.021051955283334034,-0.01403463685555606,-0.021051955283334034,-0.003508659213888987
002554.SZ,20240403,-0.019999665165491787,-0.033336123620900326,-0.053335788786392335,-0.02333461686561422
002562.SZ,20250709,-0.030254777070063743,-0.09394904458598718,-0.0031847133757962887,-0.006369426751592355
002562.SZ,20250709,-0.030254777070063743,-0.09394904458598718,-0.0031847133757962887,-0.006369426751592355
002581.SZ,20260112,0.020434227330779153,-0.008939974457215838,-0.011494252873563204,-0.04214559386973182
002581.SZ,20260112,0.020434227330779153,-0.008939974457215838,-0.011494252873563204,-0.04214559386973182
002581.SZ,20260113,-0.028785982478097716,-0.03128911138923651,-0.06132665832290363,-0.07384230287859828
002581.SZ,20260113,-0.028785982478097716,-0.03128911138923651,-0.06132665832290363,-0.07384230287859828
002581.SZ,20260113,-0.028785982478097716,-0.03128911138923651,-0.06132665832290363,-0.07384230287859828
002581.SZ,20260113,-0.028785982478097716,-0.03128911138923651,-0.06132665832290363,-0.07384230287859828
002581.SZ,20260113,-0.028785982478097716,-0.03128911138923651,-0.06132665832290363,-0.07384230287859828
002581.SZ,20260113,-0.028785982478097716,-0.03128911138923651,-0.06132665832290363,-0.07384230287859828
002584.SZ,20251111,-0.012761020881670415,0.008120649651972123,-0.001160092807424573,-0.013921113689094988
002584.SZ,20251111,-0.012761020881670415,0.008120649651972123,-0.001160092807424573,-0.013921113689094988
002584.SZ,20251119,0.010368663594469973,0.023041474654378113,0.04377880184331806,0.02188940092165903
002584.SZ,20251119,0.010368663594469973,0.023041474654378113,0.04377880184331806,0.02188940092165903
002584.SZ,20251119,0.010368663594469973,0.023041474654378113,0.04377880184331806,0.02188940092165903
002584.SZ,20251120,0.012542759407069726,0.033067274800456126,0.020524515393386622,0.033067274800456126
002584.SZ,20251120,0.012542759407069726,0.033067274800456126,0.020524515393386622,0.033067274800456126
002584.SZ,20251120,0.012542759407069726,0.033067274800456126,0.020524515393386622,0.033067274800456126
002584.SZ,20251120,0.012542759407069726,0.033067274800456126,0.020524515393386622,0.033067274800456126
002584.SZ,20251121,0.020270270270270174,0.007882882882882747,-0.0011261261261262812,0.009009009009008917
002584.SZ,20251121,0.020270270270270174,0.007882882882882747,-0.0011261261261262812,0.009009009009008917
002584.SZ,20251121,0.020270270270270174,0.007882882882882747,-0.0011261261261262812,0.009009009009008917
002584.SZ,20251203,-0.011866235167205974,-0.02265372168284785,-0.01833872707659112,-0.031283710895361305
002588.SZ,20240930,0.04683456316932455,-0.006329171919159382,-0.010126675070655122,-0.048101706585611415
002588.SZ,20240930,0.04683456316932455,-0.006329171919159382,-0.010126675070655122,-0.048101706585611415
002594.SZ,20250314,0.0114666860469812,0.02295759748701931,0.05621098702326455,-0.010473444931644038
002599.SZ,20250721,-0.03518123667377404,-0.06396588486140742,-0.059701492537313494,0.03837953091684421
002599.SZ,20250721,-0.03518123667377404,-0.06396588486140742,-0.059701492537313494,0.03837953091684421
002599.SZ,20250728,-0.045174537987679675,-0.06878850102669398,-0.029774127310061682,-0.028747433264887046
002599.SZ,20250728,-0.045174537987679675,-0.06878850102669398,-0.029774127310061682,-0.028747433264887046
002602.SZ,20240402,-0.015779092702169595,-0.04930966469428011,-0.03944773175542404,-0.06903353057199224
002615.SZ,20240115,-0.019841055156274434,0.018519057983378717,0.017195673615128193,-0.058201168295927586
002617.SZ,20241210,0.024147727272727293,0.012784090909090828,-0.015625,0.058238636363636465
002617.SZ,20241211,-0.01109570041608876,-0.03883495145631066,0.0568654646324549,0.08876560332871009
002617.SZ,20241216,-0.022309711286089273,0.030183727034120755,0.0209973753280841,0.2362204724409449
002617.SZ,20250226,-0.018867924528301883,-0.044811320754717054,-0.05660377358490576,-0.06367924528301883
002617.SZ,20250226,-0.018867924528301883,-0.044811320754717054,-0.05660377358490576,-0.06367924528301883
002617.SZ,20250226,-0.018867924528301883,-0.044811320754717054,-0.05660377358490576,-0.06367924528301883
002617.SZ,20250226,-0.018867924528301883,-0.044811320754717054,-0.05660377358490576,-0.06367924528301883
002617.SZ,20250226,-0.018867924528301883,-0.044811320754717054,-0.05660377358490576,-0.06367924528301883
002617.SZ,20250311,0.029620853080568832,0.017772511848341166,0.03199052132701441,0.0165876777251186
002617.SZ,20250311,0.029620853080568832,0.017772511848341166,0.03199052132701441,0.0165876777251186
002617.SZ,20250311,0.029620853080568832,0.017772511848341166,0.03199052132701441,0.0165876777251186
002617.SZ,20250311,0.029620853080568832,0.017772511848341166,0.03199052132701441,0.0165876777251186
002617.SZ,20250311,0.029620853080568832,0.017772511848341166,0.03199052132701441,0.0165876777251186
002617.SZ,20250312,-0.011507479861910253,0.0023014959723821615,0.009205983889528202,-0.023014959723820394
002617.SZ,20250312,-0.011507479861910253,0.0023014959723821615,0.009205983889528202,-0.023014959723820394
002617.SZ,20250902,-0.01937046004842613,0.0,0.1004842615012107,0.12348668280871666
002617.SZ,20250905,0.07040704070407044,0.020902090209020896,0.011001100110010986,0.022002200220021972
002617.SZ,20250905,0.07040704070407044,0.020902090209020896,0.011001100110010986,0.022002200220021972
002617.SZ,20250908,-0.04624871531346364,-0.0554984583761563,-0.029804727646454365,-0.03391572456320657
002617.SZ,20250908,-0.04624871531346364,-0.0554984583761563,-0.029804727646454365,-0.03391572456320657
002627.SZ,20250829,0.06467661691542292,0.11608623548922048,0.07628524046434504,0.08955223880597019
002627.SZ,20250901,0.04828660436137078,0.010903426791277315,-0.0031152647975076775,0.02336448598130847
002659.SZ,20250305,0.010000000000000009,-0.0020000000000000018,-0.008000000000000007,-0.010000000000000009
002670.SZ,20260303,-0.0063331222292589695,-0.02596580113996194,0.017732742241925337,0.006966434452184922
002670.SZ,20260303,-0.0063331222292589695,-0.02596580113996194,0.017732742241925337,0.006966434452184922
002670.SZ,20260306,-0.008089607965152457,-0.010578718108276264,-0.01555693839452399,-0.04107031736154321
002670.SZ,20260306,-0.008089607965152457,-0.010578718108276264,-0.01555693839452399,-0.04107031736154321
002670.SZ,20260306,-0.008089607965152457,-0.010578718108276264,-0.01555693839452399,-0.04107031736154321
002670.SZ,20260306,-0.008089607965152457,-0.010578718108276264,-0.01555693839452399,-0.04107031736154321
002670.SZ,20260306,-0.008089607965152457,-0.010578718108276264,-0.01555693839452399,-0.04107031736154321
002670.SZ,20260306,-0.008089607965152457,-0.010578718108276264,-0.01555693839452399,-0.04107031736154321
002674.SZ,20251229,0.03676470588235281,-0.0013368983957220415,-0.010695187165775444,-0.040775401069518824
002674.SZ,20251229,0.03676470588235281,-0.0013368983957220415,-0.010695187165775444,-0.040775401069518824
002674.SZ,20251229,0.03676470588235281,-0.0013368983957220415,-0.010695187165775444,-0.040775401069518824
002674.SZ,20251230,-0.03675048355899424,-0.045776918117343635,-0.0541586073500967,-0.0831721470019342
002674.SZ,20251230,-0.03675048355899424,-0.045776918117343635,-0.0541586073500967,-0.0831721470019342
002674.SZ,20260109,0.030949105914718,0.011004126547455195,0.047455295735901126,0.014442916093535096
002674.SZ,20260109,0.030949105914718,0.011004126547455195,0.047455295735901126,0.014442916093535096
002674.SZ,20260109,0.030949105914718,0.011004126547455195,0.047455295735901126,0.014442916093535096
002674.SZ,20260109,0.030949105914718,0.011004126547455195,0.047455295735901126,0.014442916093535096
002674.SZ,20260109,0.030949105914718,0.011004126547455195,0.047455295735901126,0.014442916093535096
002674.SZ,20260112,-0.019346230820547095,0.016010673782521634,0.0026684456304202353,0.009339559706470935
002685.SZ,20241226,-0.05409153952843271,-0.04022191400832176,-0.06657420249653256,-0.13730929264909852
002685.SZ,20241226,-0.05409153952843271,-0.04022191400832176,-0.06657420249653256,-0.13730929264909852
002685.SZ,20250411,0.049284578696343395,0.054054054054053946,0.05882352941176472,0.08585055643879169
002685.SZ,20250411,0.049284578696343395,0.054054054054053946,0.05882352941176472,0.08585055643879169
002685.SZ,20250414,0.00454545454545463,0.00909090909090926,0.06363636363636371,0.056060606060606144
002685.SZ,20250414,0.00454545454545463,0.00909090909090926,0.06363636363636371,0.056060606060606144
002685.SZ,20250508,-0.03886010362694303,-0.009067357512953289,-0.009067357512953289,-0.031088082901554293
002698.SZ,20241031,-0.038645011856835554,0.006100755528594348,0.027794628577731295,0.02033585176198094
002698.SZ,20250624,0.008447043534762777,0.002599090318388564,0.004548408057180042,0.011695906432748426
002698.SZ,20250624,0.008447043534762777,0.002599090318388564,0.004548408057180042,0.011695906432748426
002698.SZ,20250624,0.008447043534762777,0.002599090318388564,0.004548408057180042,0.011695906432748426
002698.SZ,20250624,0.008447043534762777,0.002599090318388564,0.004548408057180042,0.011695906432748426
002698.SZ,20250624,0.008447043534762777,0.002599090318388564,0.004548408057180042,0.011695906432748426
002698.SZ,20250624,0.008447043534762777,0.002599090318388564,0.004548408057180042,0.011695906432748426
002698.SZ,20250624,0.008447043534762777,0.002599090318388564,0.004548408057180042,0.011695906432748426
002698.SZ,20250624,0.008447043534762777,0.002599090318388564,0.004548408057180042,0.011695906432748426
002698.SZ,20250624,0.008447043534762777,0.002599090318388564,0.004548408057180042,0.011695906432748426
002703.SZ,20250926,-0.009735744089012566,-0.02294853963838661,-0.03198887343532686,-0.08136300417246178
002703.SZ,20251111,-0.004222378606615118,-0.011259676284306797,-0.02111189303307537,-0.09078114004222382
002703.SZ,20251111,-0.004222378606615118,-0.011259676284306797,-0.02111189303307537,-0.09078114004222382
002703.SZ,20251111,-0.004222378606615118,-0.011259676284306797,-0.02111189303307537,-0.09078114004222382
002703.SZ,20251111,-0.004222378606615118,-0.011259676284306797,-0.02111189303307537,-0.09078114004222382
002703.SZ,20251111,-0.004222378606615118,-0.011259676284306797,-0.02111189303307537,-0.09078114004222382
002708.SZ,20241204,-0.016393442622950727,-0.1035375323554788,-0.10008628127696295,-0.050043140638481476
002708.SZ,20241204,-0.016393442622950727,-0.1035375323554788,-0.10008628127696295,-0.050043140638481476
002713.SZ,20241016,-0.052023121387283267,-0.08670520231213863,0.005780346820809301,0.10693641618497107
002713.SZ,20241018,0.10126582278481,0.21202531645569622,0.21202531645569622,0.46518987341772133
002715.SZ,20240322,-0.0666681183404465,-0.04275179281711816,0.052898992538396694,0.0724602967221204
002719.SZ,20240930,0.02710413694721825,-0.07560627674750353,-0.06704707560627676,-0.051355206847360835
002721.SZ,20250812,-0.01278772378516635,0.023017902813299296,0.028132992327365658,0.0
002721.SZ,20251216,-0.013157894736842146,-0.013157894736842146,0.006578947368421018,0.009868421052631415
002722.SZ,20241125,-0.04075421052946915,-0.08800920295021664,-0.07914776846431759,-0.06733252248311905
002722.SZ,20241125,-0.04075421052946915,-0.08800920295021664,-0.07914776846431759,-0.06733252248311905
002722.SZ,20241125,-0.04075421052946915,-0.08800920295021664,-0.07914776846431759,-0.06733252248311905
002722.SZ,20241125,-0.04075421052946915,-0.08800920295021664,-0.07914776846431759,-0.06733252248311905
002722.SZ,20241125,-0.04075421052946915,-0.08800920295021664,-0.07914776846431759,-0.06733252248311905
002722.SZ,20241125,-0.04075421052946915,-0.08800920295021664,-0.07914776846431759,-0.06733252248311905
002722.SZ,20241125,-0.04075421052946915,-0.08800920295021664,-0.07914776846431759,-0.06733252248311905
002722.SZ,20241125,-0.04075421052946915,-0.08800920295021664,-0.07914776846431759,-0.06733252248311905
002734.SZ,20250821,-0.011671335200746924,-0.014939309056956174,-0.008870214752567773,-0.05975723622782447
002734.SZ,20250821,-0.011671335200746924,-0.014939309056956174,-0.008870214752567773,-0.05975723622782447
002734.SZ,20250821,-0.011671335200746924,-0.014939309056956174,-0.008870214752567773,-0.05975723622782447
002734.SZ,20250821,-0.011671335200746924,-0.014939309056956174,-0.008870214752567773,-0.05975723622782447
002734.SZ,20250821,-0.011671335200746924,-0.014939309056956174,-0.008870214752567773,-0.05975723622782447
002734.SZ,20250821,-0.011671335200746924,-0.014939309056956174,-0.008870214752567773,-0.05975723622782447
002734.SZ,20250821,-0.011671335200746924,-0.014939309056956174,-0.008870214752567773,-0.05975723622782447
002734.SZ,20250821,-0.011671335200746924,-0.014939309056956174,-0.008870214752567773,-0.05975723622782447
002734.SZ,20250821,-0.011671335200746924,-0.014939309056956174,-0.008870214752567773,-0.05975723622782447
002734.SZ,20250821,-0.011671335200746924,-0.014939309056956174,-0.008870214752567773,-0.05975723622782447
002734.SZ,20250821,-0.011671335200746924,-0.014939309056956174,-0.008870214752567773,-0.05975723622782447
002734.SZ,20250821,-0.011671335200746924,-0.014939309056956174,-0.008870214752567773,-0.05975723622782447
002734.SZ,20250821,-0.011671335200746924,-0.014939309056956174,-0.008870214752567773,-0.05975723622782447
002734.SZ,20250821,-0.011671335200746924,-0.014939309056956174,-0.008870214752567773,-0.05975723622782447
002734.SZ,20250821,-0.011671335200746924,-0.014939309056956174,-0.008870214752567773,-0.05975723622782447
002734.SZ,20250821,-0.011671335200746924,-0.014939309056956174,-0.008870214752567773,-0.05975723622782447
002734.SZ,20250821,-0.011671335200746924,-0.014939309056956174,-0.008870214752567773,-0.05975723622782447
002734.SZ,20251010,0.07772020725388606,0.07409326424870466,0.02072538860103612,-0.03367875647668406
002734.SZ,20251010,0.07772020725388606,0.07409326424870466,0.02072538860103612,-0.03367875647668406
002734.SZ,20251010,0.07772020725388606,0.07409326424870466,0.02072538860103612,-0.03367875647668406
002734.SZ,20251010,0.07772020725388606,0.07409326424870466,0.02072538860103612,-0.03367875647668406
002734.SZ,20251010,0.07772020725388606,0.07409326424870466,0.02072538860103612,-0.03367875647668406
002734.SZ,20251010,0.07772020725388606,0.07409326424870466,0.02072538860103612,-0.03367875647668406
002734.SZ,20251010,0.07772020725388606,0.07409326424870466,0.02072538860103612,-0.03367875647668406
002734.SZ,20251013,-0.0033653846153846034,-0.05288461538461542,-0.09615384615384615,-0.09615384615384615
002734.SZ,20251013,-0.0033653846153846034,-0.05288461538461542,-0.09615384615384615,-0.09615384615384615
002734.SZ,20251013,-0.0033653846153846034,-0.05288461538461542,-0.09615384615384615,-0.09615384615384615
002734.SZ,20251013,-0.0033653846153846034,-0.05288461538461542,-0.09615384615384615,-0.09615384615384615
002734.SZ,20251013,-0.0033653846153846034,-0.05288461538461542,-0.09615384615384615,-0.09615384615384615
002736.SZ,20250422,0.01521472635242005,0.013306706738374086,0.01521472635242005,0.01901099335653278
002738.SZ,20240626,-0.03752312195822782,-0.05132625756514553,-0.04424689761686684,-0.04247615968967189
002739.SZ,20250401,-0.0017167381974249052,-0.0017167381974249052,-0.10128755364806863,-0.06952789699570816
002741.SZ,20251031,-0.016628175519630473,-0.04803695150115472,-0.038337182448036855,0.012009237875288736
002755.SZ,20250227,-0.03948884113522,-0.060910628035595216,-0.05688899068354358,0.01205143923420482
002755.SZ,20250227,-0.03948884113522,-0.060910628035595216,-0.05688899068354358,0.01205143923420482
002755.SZ,20250227,-0.03948884113522,-0.060910628035595216,-0.05688899068354358,0.01205143923420482
002755.SZ,20250227,-0.03948884113522,-0.060910628035595216,-0.05688899068354358,0.01205143923420482
002755.SZ,20250227,-0.03948884113522,-0.060910628035595216,-0.05688899068354358,0.01205143923420482
002755.SZ,20250227,-0.03948884113522,-0.060910628035595216,-0.05688899068354358,0.01205143923420482
002755.SZ,20250227,-0.03948884113522,-0.060910628035595216,-0.05688899068354358,0.01205143923420482
002755.SZ,20250227,-0.03948884113522,-0.060910628035595216,-0.05688899068354358,0.01205143923420482
002755.SZ,20250227,-0.03948884113522,-0.060910628035595216,-0.05688899068354358,0.01205143923420482
002755.SZ,20250227,-0.03948884113522,-0.060910628035595216,-0.05688899068354358,0.01205143923420482
002755.SZ,20250227,-0.03948884113522,-0.060910628035595216,-0.05688899068354358,0.01205143923420482
002755.SZ,20250227,-0.03948884113522,-0.060910628035595216,-0.05688899068354358,0.01205143923420482
002755.SZ,20250227,-0.03948884113522,-0.060910628035595216,-0.05688899068354358,0.01205143923420482
002755.SZ,20250227,-0.03948884113522,-0.060910628035595216,-0.05688899068354358,0.01205143923420482
002755.SZ,20250227,-0.03948884113522,-0.060910628035595216,-0.05688899068354358,0.01205143923420482
002755.SZ,20250227,-0.03948884113522,-0.060910628035595216,-0.05688899068354358,0.01205143923420482
002755.SZ,20250227,-0.03948884113522,-0.060910628035595216,-0.05688899068354358,0.01205143923420482
002755.SZ,20250227,-0.03948884113522,-0.060910628035595216,-0.05688899068354358,0.01205143923420482
002755.SZ,20250307,0.0005991285403048607,0.012024933430162088,-0.015032679738562149,-0.021048172355361827
002755.SZ,20250307,0.0005991285403048607,0.012024933430162088,-0.015032679738562149,-0.021048172355361827
002755.SZ,20250307,0.0005991285403048607,0.012024933430162088,-0.015032679738562149,-0.021048172355361827
002755.SZ,20250717,0.05261011419249595,0.10114192495921692,0.11011419249592169,0.09787928221859721
002755.SZ,20250717,0.05261011419249595,0.10114192495921692,0.11011419249592169,0.09787928221859721
002755.SZ,20251113,0.015471892728210479,-0.04125838060856113,-0.08251676121712226,-0.11603919546157815
002755.SZ,20251113,0.015471892728210479,-0.04125838060856113,-0.08251676121712226,-0.11603919546157815
002755.SZ,20251113,0.015471892728210479,-0.04125838060856113,-0.08251676121712226,-0.11603919546157815
002755.SZ,20251113,0.015471892728210479,-0.04125838060856113,-0.08251676121712226,-0.11603919546157815
002755.SZ,20251113,0.015471892728210479,-0.04125838060856113,-0.08251676121712226,-0.11603919546157815
002755.SZ,20251113,0.015471892728210479,-0.04125838060856113,-0.08251676121712226,-0.11603919546157815
002755.SZ,20251113,0.015471892728210479,-0.04125838060856113,-0.08251676121712226,-0.11603919546157815
002755.SZ,20251113,0.015471892728210479,-0.04125838060856113,-0.08251676121712226,-0.11603919546157815
002755.SZ,20251113,0.015471892728210479,-0.04125838060856113,-0.08251676121712226,-0.11603919546157815
002755.SZ,20251113,0.015471892728210479,-0.04125838060856113,-0.08251676121712226,-0.11603919546157815
002755.SZ,20251113,0.015471892728210479,-0.04125838060856113,-0.08251676121712226,-0.11603919546157815
002755.SZ,20251113,0.015471892728210479,-0.04125838060856113,-0.08251676121712226,-0.11603919546157815
002755.SZ,20251113,0.015471892728210479,-0.04125838060856113,-0.08251676121712226,-0.11603919546157815
002755.SZ,20251113,0.015471892728210479,-0.04125838060856113,-0.08251676121712226,-0.11603919546157815
002757.SZ,20250217,0.0999036205570536,0.0707464052414839,0.025336111138153594,0.1725630117115624
002757.SZ,20250217,0.0999036205570536,0.0707464052414839,0.025336111138153594,0.1725630117115624
002757.SZ,20250217,0.0999036205570536,0.0707464052414839,0.025336111138153594,0.1725630117115624
002757.SZ,20250217,0.0999036205570536,0.0707464052414839,0.025336111138153594,0.1725630117115624
002757.SZ,20250217,0.0999036205570536,0.0707464052414839,0.025336111138153594,0.1725630117115624
002757.SZ,20250217,0.0999036205570536,0.0707464052414839,0.025336111138153594,0.1725630117115624
002757.SZ,20250217,0.0999036205570536,0.0707464052414839,0.025336111138153594,0.1725630117115624
002757.SZ,20250217,0.0999036205570536,0.0707464052414839,0.025336111138153594,0.1725630117115624
002757.SZ,20250217,0.0999036205570536,0.0707464052414839,0.025336111138153594,0.1725630117115624
002757.SZ,20250217,0.0999036205570536,0.0707464052414839,0.025336111138153594,0.1725630117115624
002757.SZ,20250217,0.0999036205570536,0.0707464052414839,0.025336111138153594,0.1725630117115624
002757.SZ,20250218,-0.02650888202441115,-0.06779458493020951,-0.030854745488179347,0.012603889149503056
002757.SZ,20250218,-0.02650888202441115,-0.06779458493020951,-0.030854745488179347,0.012603889149503056
002757.SZ,20250218,-0.02650888202441115,-0.06779458493020951,-0.030854745488179347,0.012603889149503056
002757.SZ,20250218,-0.02650888202441115,-0.06779458493020951,-0.030854745488179347,0.012603889149503056
002757.SZ,20260109,0.08000000000000007,0.00039999999999995595,0.05679999999999996,-0.14400000000000002
002757.SZ,20260109,0.08000000000000007,0.00039999999999995595,0.05679999999999996,-0.14400000000000002
002759.SZ,20251009,-0.039649608114338486,0.05624711848778241,0.04195481788842792,0.051175656984785656
002769.SZ,20250819,-0.006651884700665023,-0.008869179600886956,-0.0177383592017738,-0.005543237250554167
002769.SZ,20250819,-0.006651884700665023,-0.008869179600886956,-0.0177383592017738,-0.005543237250554167
002769.SZ,20250819,-0.006651884700665023,-0.008869179600886956,-0.0177383592017738,-0.005543237250554167
002769.SZ,20250819,-0.006651884700665023,-0.008869179600886956,-0.0177383592017738,-0.005543237250554167
002769.SZ,20250819,-0.006651884700665023,-0.008869179600886956,-0.0177383592017738,-0.005543237250554167
002771.SZ,20250813,0.031584582441113396,0.04978586723768741,0.07655246252676662,0.014989293361884481
002771.SZ,20250813,0.031584582441113396,0.04978586723768741,0.07655246252676662,0.014989293361884481
002771.SZ,20250813,0.031584582441113396,0.04978586723768741,0.07655246252676662,0.014989293361884481
002771.SZ,20250813,0.031584582441113396,0.04978586723768741,0.07655246252676662,0.014989293361884481
002774.SZ,20250220,0.01524896362072825,0.005082544834451808,-0.005082544834451808,0.03303787054130969
002774.SZ,20250220,0.01524896362072825,0.005082544834451808,-0.005082544834451808,0.03303787054130969
002774.SZ,20250220,0.01524896362072825,0.005082544834451808,-0.005082544834451808,0.03303787054130969
002774.SZ,20250220,0.01524896362072825,0.005082544834451808,-0.005082544834451808,0.03303787054130969
002775.SZ,20241209,0.10106382978723394,0.21010638297872353,0.20744680851063846,0.061170212765957466
002775.SZ,20241210,0.09903381642512077,0.09661835748792269,-0.01207729468599028,-0.09661835748792258
002775.SZ,20250605,0.04221635883905006,0.14775725593667532,0.1108179419525066,0.07651715039577844
002775.SZ,20250606,0.10126582278481,0.06582278481012649,0.05316455696202538,-0.0075949367088608
002777.SZ,20240723,-0.04298098072195633,-0.06991848880838403,-0.07568896364342093,-0.09236641221374042
002779.SZ,20240621,-0.05211547344110856,-0.06496073903002297,-0.06424480369515007,-0.07112702078521937
002785.SZ,20251215,-0.0359495060373215,-0.035126234906695974,-0.06723380900109754,-0.07217343578485169
002785.SZ,20251215,-0.0359495060373215,-0.035126234906695974,-0.06723380900109754,-0.07217343578485169
002785.SZ,20251225,0.023796033994334387,0.01104815864022668,0.04815864022662897,0.02776203966005686
002785.SZ,20251225,0.023796033994334387,0.01104815864022668,0.04815864022662897,0.02776203966005686
002785.SZ,20251225,0.023796033994334387,0.01104815864022668,0.04815864022662897,0.02776203966005686
002785.SZ,20260119,-0.024396442185514622,-0.004828462515883203,0.09402795425667088,0.11766200762388812
002785.SZ,20260119,-0.024396442185514622,-0.004828462515883203,0.09402795425667088,0.11766200762388812
002785.SZ,20260119,-0.024396442185514622,-0.004828462515883203,0.09402795425667088,0.11766200762388812
002785.SZ,20260203,0.02959228408592729,0.011617711530030661,0.03068829460762834,0.036825953529153965
002786.SZ,20251023,-0.020682523267838593,-0.018614270941054833,-0.03412616339193386,-0.06411582213029987
002793.SZ,20241121,-0.06094808126410822,-0.05869074492099313,-0.05191873589164775,-0.022573363431151128
002793.SZ,20241202,-0.03296703296703285,-0.05494505494505497,-0.03956043956043953,-0.02637362637362639
002797.SZ,20251009,-0.0012468827930174342,-0.009975062344139585,-0.01995012468827917,-0.01995012468827917
002803.SZ,20250411,0.011586058845813874,-0.005414193711327231,-0.02705518373532012,0.03245359262533132
002803.SZ,20250411,0.011586058845813874,-0.005414193711327231,-0.02705518373532012,0.03245359262533132
002803.SZ,20250411,0.011586058845813874,-0.005414193711327231,-0.02705518373532012,0.03245359262533132
002803.SZ,20250411,0.011586058845813874,-0.005414193711327231,-0.02705518373532012,0.03245359262533132
002803.SZ,20250411,0.011586058845813874,-0.005414193711327231,-0.02705518373532012,0.03245359262533132
002803.SZ,20250411,0.011586058845813874,-0.005414193711327231,-0.02705518373532012,0.03245359262533132
002807.SZ,20240429,0.005116977966252545,0.007674030403066245,0.005116977966252545,0.0025570524368134784
002807.SZ,20250116,0.0,0.002327368209045444,-0.004649763409097063,-0.006977131618142396
002816.SZ,20250902,-0.0016528925619833101,-0.04077134986225883,-0.022038567493112837,0.07823691460055104
002828.SZ,20250617,0.09992181391712274,0.1040121805687011,-0.006551170733714584,-0.036854450434138486
002828.SZ,20250618,0.00371877946216137,-0.09680050282088504,-0.026809631414333346,-0.20923185130868105
002829.SZ,20250805,0.002136752136752129,0.002136752136752129,-0.014102564102564052,-0.04316239316239312
002829.SZ,20250805,0.002136752136752129,0.002136752136752129,-0.014102564102564052,-0.04316239316239312
002830.SZ,20251021,0.01444251877527436,0.04043905257076852,0.045060658578856216,0.022530329289428108
002830.SZ,20251021,0.01444251877527436,0.04043905257076852,0.045060658578856216,0.022530329289428108
